coding_consistency,assessment_score,project_quality,github_authenticity,defense_score,projects_completed,verified
71,71,79,94,77,1,1
34,72,88,80,67,3,1
91,66,34,72,68,5,1
80,100,80,78,21,1,1
40,84,36,54,33,4,0
94,28,57,70,36,2,0
94,26,95,100,50,0,1
43,83,41,93,29,2,0
22,51,85,90,89,0,0
41,51,34,41,56,1,0
72,96,55,98,83,2,1
21,31,84,43,49,2,0
49,87,94,63,53,2,1
57,70,41,77,37,4,0
21,87,74,90,82,1,1
83,36,61,64,68,6,0
79,37,86,94,75,0,1
40,67,96,88,77,2,1
52,41,53,65,46,1,0
95,87,56,48,74,6,1
77,60,35,71,38,5,0
41,32,30,98,42,4,0
68,93,59,48,66,4,1
78,60,57,68,98,5,1
61,52,42,98,85,1,0
79,71,61,81,70,0,1
99,100,37,41,47,1,0
34,54,98,76,76,1,0
81,47,88,65,77,3,1
81,40,25,92,34,6,0
66,38,87,80,35,4,0
81,98,58,72,66,0,1
70,95,34,63,82,3,1
74,76,31,78,31,5,0
83,61,80,47,62,1,1
22,53,61,90,48,5,0
70,91,53,86,68,4,1
26,39,36,34,22,3,0
40,71,41,53,88,6,0
92,70,72,93,79,3,1
58,76,50,88,85,0,1
37,43,36,67,45,6,0
23,45,45,62,90,1,0
79,88,66,39,93,0,1
33,61,85,66,88,3,1
28,51,82,40,66,6,0
72,79,78,53,95,3,1
21,53,58,100,61,0,0
79,44,31,50,50,3,0
90,49,59,49,41,6,0
63,94,39,39,36,2,0
27,87,89,76,39,4,0
66,60,49,76,27,1,0
54,26,83,44,68,4,0
97,46,30,73,57,1,0
100,40,76,91,72,6,1
55,42,45,35,47,3,0
69,93,95,95,96,6,1
23,78,56,33,48,0,0
21,54,77,52,91,0,0
25,69,83,42,30,3,0
73,43,93,60,66,1,0
23,58,86,45,64,3,0
73,37,28,70,37,1,0
82,67,42,30,69,3,0
37,86,80,41,68,3,0
63,46,48,85,41,3,0
53,76,90,79,64,0,1
93,76,37,49,80,1,1
81,60,86,95,40,5,1
33,97,78,65,90,3,1
67,43,39,67,80,4,0
34,62,93,51,95,4,1
91,94,27,90,55,6,1
97,81,61,79,43,6,1
81,44,61,88,51,0,0
59,33,27,49,78,2,0
99,56,87,65,94,5,1
72,28,59,44,24,0,0
43,74,76,91,35,2,0
45,29,52,32,30,0,0
79,44,42,34,54,6,0
60,99,60,85,94,4,1
48,61,57,60,61,3,0
34,46,88,64,100,1,0
64,82,50,100,29,6,1
84,92,72,99,27,3,1
90,68,64,55,45,4,0
28,58,41,30,22,1,0
20,66,64,36,78,2,0
27,33,31,65,22,2,0
82,31,81,54,57,4,0
30,92,32,88,21,1,0
100,43,80,90,36,3,1
27,55,55,58,92,4,0
54,59,83,47,55,2,0
54,81,82,70,92,4,1
52,85,36,48,21,3,0
24,55,72,33,53,0,0
60,77,55,94,46,5,1
47,56,87,70,56,5,0
26,90,98,44,90,6,1
92,83,63,83,41,5,1
91,34,100,93,87,0,1
31,26,44,44,33,3,0
53,90,72,79,42,6,1
52,84,95,51,63,1,1
67,41,78,47,84,4,0
42,40,99,31,98,3,0
81,40,95,65,97,0,1
56,70,53,49,80,6,0
63,63,98,45,74,2,1
54,55,97,96,90,5,1
84,25,72,59,69,5,0
66,35,98,84,31,3,0
97,28,80,95,98,5,1
22,95,41,55,34,5,0
20,50,33,86,36,3,0
24,74,58,98,53,3,0
33,36,69,31,54,6,0
46,99,33,85,58,0,0
28,89,31,91,97,0,0
98,71,40,63,74,5,1
34,77,43,85,78,6,0
61,95,30,84,24,3,0
96,26,35,49,49,3,0
70,48,100,79,23,5,0
82,28,85,54,34,1,0
71,43,66,54,54,2,0
23,50,37,82,93,4,0
42,99,36,43,74,4,0
34,64,98,89,85,5,1
62,74,44,72,79,6,1
48,67,74,91,43,4,0
55,99,60,98,41,0,1
32,91,93,92,63,6,1
51,36,61,31,51,6,0
90,91,36,83,70,0,1
78,51,64,45,22,1,0
47,78,78,84,89,5,1
85,90,26,72,51,0,0
61,73,74,90,21,5,0
64,40,65,67,78,5,0
81,26,69,74,92,6,1
76,84,33,80,96,3,1
25,78,86,71,33,2,0
47,54,71,53,70,2,0
47,62,29,59,30,5,0
63,52,100,66,97,2,1
49,49,25,82,99,2,0
81,34,68,92,29,4,0
94,84,46,40,99,6,1
81,66,62,52,77,4,1
20,64,43,79,53,3,0
46,66,55,84,99,1,1
81,71,91,84,97,6,1
96,61,66,33,72,0,0
22,46,50,83,47,0,0
89,81,37,90,37,4,1
91,51,82,34,45,5,0
46,65,42,47,26,2,0
28,58,91,73,64,3,0
81,56,27,60,64,1,0
56,90,79,50,90,4,1
70,36,82,76,54,5,0
63,64,87,59,71,3,1
43,97,76,84,40,5,1
98,100,48,97,47,3,1
78,97,96,98,63,4,1
51,34,33,70,99,3,0
71,72,61,74,75,6,1
81,44,77,59,29,2,0
77,63,48,74,42,3,0
71,84,45,74,67,1,1
31,90,64,74,71,3,0
58,89,86,84,34,6,1
21,75,94,88,74,0,1
22,60,93,34,62,6,0
75,48,38,61,69,3,0
100,51,66,35,25,5,0
78,26,74,55,52,4,0
21,55,85,66,81,0,0
21,81,28,42,74,4,0
73,90,96,98,58,5,1
20,53,99,54,31,1,0
38,39,41,42,50,2,0
21,36,81,49,93,1,0
72,52,72,89,72,0,1
63,48,68,50,53,5,0
51,45,69,90,60,5,0
89,34,57,55,29,2,0
51,42,55,83,71,3,0
87,38,71,71,94,0,1
74,58,30,40,76,2,0
94,82,96,66,97,6,1
75,100,95,40,22,6,1
36,46,58,56,76,4,0
57,94,77,63,52,2,1
43,60,38,67,26,4,0
88,69,40,90,23,6,0
89,60,67,82,58,6,1
30,46,97,94,67,4,1
35,85,98,32,93,5,1
92,80,36,96,98,2,1
78,57,94,57,35,5,1
89,69,43,43,57,6,0
99,60,65,81,23,5,1
22,44,77,59,23,1,0
39,42,53,87,46,1,0
78,62,94,83,36,5,1
55,91,83,98,89,5,1
38,47,88,44,73,4,0
86,40,48,67,27,5,0
38,83,40,43,72,0,0
39,93,76,86,24,2,0
90,92,30,88,88,0,1
71,45,61,37,66,1,0
52,94,28,48,93,0,0
59,36,62,61,59,3,0
58,40,65,58,26,3,0
20,38,38,70,31,1,0
30,85,95,74,44,0,0
76,95,75,42,47,2,1
69,70,89,56,62,1,1
42,56,76,48,96,3,0
50,39,54,55,66,1,0
61,68,81,82,68,0,1
26,41,54,80,73,0,0
35,65,66,66,37,0,0
79,78,35,38,46,4,0
21,68,51,81,91,0,0
20,29,48,83,25,5,0
67,51,63,32,94,3,0
31,67,96,98,88,6,1
88,55,42,37,90,3,0
56,41,69,43,41,4,0
51,78,36,32,78,3,0
28,86,73,53,66,3,0
38,56,55,42,87,1,0
67,64,46,72,51,6,0
99,37,68,58,20,6,0
22,59,88,80,73,0,0
39,29,49,71,65,5,0
43,97,75,60,60,5,1
73,53,31,92,60,1,0
52,94,30,55,27,5,0
43,49,48,47,51,1,0
94,46,43,86,49,6,0
91,90,33,36,65,6,1
55,69,60,77,71,6,1
57,93,64,89,80,5,1
44,96,48,62,32,3,0
37,25,72,32,59,6,0
85,68,87,33,80,2,1
73,99,93,33,63,0,1
54,63,77,71,81,2,1
99,78,78,38,63,3,1
80,99,66,80,67,4,1
60,53,69,46,93,1,0
52,78,38,46,78,5,0
87,40,53,49,76,5,0
52,44,30,43,30,3,0
33,70,31,51,44,5,0
40,91,61,81,80,3,1
67,89,77,56,65,2,1
39,82,42,72,73,4,0
27,77,62,32,53,1,0
26,25,83,37,26,5,0
86,90,25,39,81,4,1
36,53,92,58,76,4,0
52,94,68,69,95,4,1
67,32,71,94,24,0,0
95,53,59,50,95,4,1
78,75,84,53,54,6,1
41,57,76,89,56,3,0
49,27,32,55,79,0,0
57,84,65,38,84,6,1
70,59,27,49,35,0,0
73,93,93,85,49,4,1
27,100,38,65,92,5,1
46,44,50,65,61,5,0
46,97,94,51,80,5,1
40,63,82,30,93,5,0
49,28,64,98,96,3,0
47,43,75,66,67,5,0
83,69,29,42,81,1,0
88,67,56,72,83,4,1
80,37,25,66,76,0,0
67,37,78,54,87,1,0
38,84,35,50,65,5,0
23,81,77,70,47,1,0
54,76,32,71,96,0,0
83,77,49,71,22,5,0
68,67,64,31,56,1,0
36,96,56,97,67,3,1
63,96,52,37,38,3,0
49,66,27,90,36,4,0
65,50,86,43,59,4,0
25,47,51,50,69,6,0
56,67,69,53,92,1,1
43,52,49,79,48,0,0
65,33,85,74,70,3,0
72,44,68,93,61,2,0
79,80,70,93,48,4,1
82,63,38,55,85,6,1
51,75,32,61,36,3,0
52,36,72,86,50,6,0
86,79,38,82,71,5,1
37,35,89,62,58,1,0
44,50,31,81,79,6,0
73,66,73,47,70,3,1
77,51,79,64,35,3,0
86,35,37,41,33,1,0
65,62,97,80,61,4,1
43,67,80,39,70,4,0
51,43,80,81,43,2,0
66,88,39,63,62,2,0
42,30,81,96,92,4,1
85,70,82,68,38,4,1
46,66,59,37,80,6,0
21,89,40,58,82,4,0
36,96,32,51,45,4,0
52,83,69,99,54,3,1
28,76,64,90,86,2,1
62,71,78,72,75,1,1
67,31,38,78,59,0,0
58,35,83,58,48,1,0
61,85,77,60,25,5,0
45,92,51,82,71,0,0
69,49,71,63,20,3,0
44,36,30,67,71,5,0
43,50,79,86,43,2,0
32,36,68,33,53,0,0
79,67,42,31,26,4,0
26,75,40,41,94,5,0
76,61,36,64,30,3,0
55,70,44,99,55,0,0
64,77,69,50,39,4,0
39,37,88,90,82,5,1
84,78,83,64,99,3,1
27,81,46,77,82,5,0
35,28,71,44,88,0,0
33,99,53,100,49,4,1
95,73,69,44,49,2,1
34,31,33,35,41,6,0
85,35,48,97,80,3,1
51,78,39,51,40,0,0
82,69,60,61,56,4,1
70,47,37,51,46,2,0
44,52,68,56,54,5,0
77,81,95,44,57,4,1
82,50,96,73,79,6,1
81,49,100,38,89,2,1
41,78,60,63,51,0,0
77,53,85,44,99,4,1
77,60,64,91,99,6,1
68,38,51,74,46,4,0
71,59,25,87,22,1,0
61,54,58,48,68,3,0
89,41,92,45,49,4,0
34,91,45,37,41,6,0
73,54,57,62,38,2,0
79,69,31,47,50,3,0
27,75,89,64,39,0,0
72,71,27,72,38,6,0
79,77,75,79,21,3,0
24,88,78,32,59,1,0
87,62,98,88,58,0,1
25,88,83,57,91,4,1
66,31,30,75,73,6,0
74,46,53,93,46,5,0
59,65,41,99,98,0,1
71,98,84,76,31,6,1
35,34,46,43,97,0,0
32,81,48,36,90,1,0
49,31,75,60,36,2,0
38,74,74,80,29,0,0
36,76,35,58,38,6,0
82,57,80,44,49,2,0
38,25,95,54,49,3,0
77,77,66,90,44,5,1
74,84,63,70,93,1,1
81,58,93,98,85,4,1
42,28,72,33,54,6,0
28,41,81,86,70,6,0
31,28,45,60,90,6,0
20,67,44,32,90,0,0
77,28,39,96,46,5,0
20,25,93,79,29,5,0
53,95,75,46,62,2,1
67,74,100,89,74,0,1
20,97,86,95,90,6,1
35,85,61,53,25,5,0
80,59,30,61,25,6,0
83,32,95,48,96,6,1
82,48,50,95,67,6,1
88,60,32,89,96,1,1
41,74,97,95,21,4,0
86,67,28,44,70,3,0
95,51,45,64,80,3,1
45,56,55,98,38,2,0
35,42,45,56,21,5,0
70,52,49,36,70,3,0
76,53,39,35,45,2,0
48,40,59,62,89,4,0
97,71,73,87,39,6,1
88,83,67,78,42,0,1
66,55,65,46,73,1,0
81,28,61,71,34,4,0
88,61,81,69,25,4,0
95,41,66,75,54,3,0
35,63,71,100,94,3,1
67,72,85,99,27,1,1
58,70,38,97,76,0,0
52,72,92,30,69,4,0
42,63,77,81,68,5,1
29,28,58,64,40,3,0
88,54,100,98,55,4,1
53,54,48,34,90,0,0
71,46,44,46,88,2,0
29,99,93,82,77,0,1
38,90,54,81,82,4,1
77,36,31,43,35,4,0
20,60,60,58,25,1,0
88,42,62,37,97,4,1
23,77,76,30,71,3,0
35,95,39,58,21,5,0
43,25,70,65,96,1,0
99,82,47,80,37,4,1
21,30,36,66,100,0,0
51,94,68,98,95,4,1
43,68,39,82,54,0,0
31,96,73,81,58,0,0
69,48,45,41,20,4,0
54,43,39,81,56,0,0
52,42,38,30,40,5,0
52,54,66,36,20,2,0
80,66,39,46,23,1,0
70,57,87,72,77,4,1
62,98,92,100,20,6,1
31,36,51,46,32,2,0
86,51,77,88,65,0,1
84,63,76,32,66,0,0
52,33,87,58,100,1,0
59,45,97,51,95,2,1
93,100,77,67,26,2,1
62,53,81,83,70,4,1
63,57,76,79,22,0,0
48,86,67,98,69,6,1
32,39,31,59,45,3,0
31,26,66,52,50,6,0
65,76,28,76,81,4,0
21,68,93,50,45,4,0
54,78,29,49,86,4,0
100,42,99,52,74,1,1
27,27,65,97,47,1,0
45,31,28,50,63,4,0
93,67,26,50,100,5,1
53,62,91,30,57,3,0
26,61,45,44,49,2,0
87,82,94,46,85,2,1
77,57,67,80,27,0,0
94,83,93,92,33,2,1
48,35,33,43,81,6,0
55,92,52,88,94,2,1
40,92,50,79,82,3,1
55,46,27,63,98,2,0
29,90,97,35,85,6,1
92,68,73,78,59,3,1
43,30,41,35,32,1,0
83,66,87,98,36,3,1
68,49,79,36,34,1,0
55,81,47,80,52,3,0
43,79,58,30,35,4,0
42,40,93,42,32,6,0
81,38,39,72,42,5,0
56,63,71,56,55,1,0
31,52,27,100,62,1,0
74,75,52,32,69,2,0
32,73,27,87,93,1,0
42,33,28,46,100,3,0
49,82,55,74,32,4,0
36,69,69,87,49,4,0
81,46,83,85,76,2,1
32,56,69,83,49,3,0
78,93,99,58,90,3,1
38,93,61,83,29,0,0
68,66,89,56,85,1,1
31,77,33,74,58,2,0
80,83,41,60,56,4,0
38,98,89,65,22,6,0
95,63,27,90,53,5,1
28,39,50,66,57,0,0
90,95,77,96,33,3,1
47,53,55,65,83,1,0
97,27,50,34,58,4,0
71,34,47,75,73,6,0
35,53,54,81,21,0,0
88,59,34,78,62,3,0
31,30,96,35,72,4,0
44,36,88,39,22,4,0
71,62,46,52,60,3,0
72,43,39,46,27,3,0
42,91,80,73,94,2,1
35,32,98,70,82,4,0
76,32,44,44,84,3,0
58,71,71,73,98,5,1
72,28,77,87,23,6,0
61,75,77,79,87,6,1
77,91,25,81,29,5,0
58,69,26,99,94,6,1
33,32,82,97,69,0,0
24,40,43,92,42,6,0
54,91,86,87,80,1,1
94,33,96,52,66,6,1
37,84,36,73,22,5,0
95,95,50,73,36,2,1
28,39,51,81,41,3,0
93,95,53,96,35,1,1
77,65,39,57,99,2,1
36,46,70,96,22,4,0
26,48,25,47,71,1,0
65,68,84,56,52,5,1
32,25,81,80,61,2,0
59,34,27,89,21,3,0
61,96,42,78,58,3,1
28,80,76,44,65,6,0
69,74,84,97,67,2,1
46,36,58,44,46,4,0
85,84,84,80,34,6,1
24,50,50,77,26,5,0
48,65,96,30,76,2,0
56,60,43,36,61,0,0
57,47,46,82,28,2,0
27,67,57,60,25,2,0
84,30,62,47,76,5,0
36,93,59,41,95,3,1
90,67,91,77,49,6,1
64,49,34,59,74,4,0
23,42,39,36,73,6,0
55,86,35,32,46,2,0
89,37,48,92,78,1,1
50,67,28,35,26,3,0
38,52,37,44,59,3,0
80,42,97,100,91,2,1
73,83,81,72,21,5,1
58,84,61,47,33,1,0
93,87,72,51,29,2,1
38,81,95,90,69,1,1
58,75,25,90,37,3,0
86,80,84,82,37,1,1
64,51,36,55,35,6,0
32,56,45,69,71,2,0
77,33,35,37,88,0,0
39,92,68,50,71,0,0
91,70,82,72,50,1,1
80,91,68,50,42,5,1
58,50,58,32,61,2,0
20,32,49,60,100,4,0
22,30,28,56,81,0,0
96,48,88,56,96,3,1
81,72,40,86,69,6,1
82,69,34,62,96,2,1
44,37,90,73,100,2,1
75,93,59,72,34,6,1
52,49,30,60,63,0,0
57,44,43,94,61,6,0
25,90,83,46,64,6,0
77,98,77,44,54,4,1
63,69,32,63,41,6,0
64,71,34,33,93,3,0
51,87,91,57,94,4,1
64,100,62,31,57,3,0
80,79,53,46,89,0,1
66,99,39,87,83,2,1
40,43,47,38,26,3,0
99,59,70,60,63,2,1
94,77,52,95,95,1,1
55,50,50,91,26,1,0
38,38,34,48,85,0,0
39,69,71,84,79,0,0
76,68,28,57,20,5,0
37,89,79,79,81,0,1
66,75,90,94,37,1,1
68,67,91,32,26,3,0
33,47,31,81,73,6,0
34,80,79,39,86,6,1
50,43,55,50,29,6,0
20,100,98,66,80,4,1
73,79,43,44,78,6,1
22,84,52,38,78,0,0
35,83,52,73,88,6,1
76,57,43,68,82,4,1
94,43,44,34,27,4,0
31,52,37,54,97,1,0
93,76,67,85,74,5,1
35,73,35,93,25,3,0
91,61,72,81,20,1,0
95,50,39,38,75,0,0
43,64,41,39,94,1,0
47,62,78,39,29,1,0
27,78,74,91,42,1,0
55,46,52,89,35,0,0
27,40,28,48,35,0,0
77,52,46,67,75,1,0
79,59,63,35,25,1,0
69,84,58,44,49,4,0
47,69,68,76,82,3,1
60,70,66,74,20,4,0
83,96,64,34,70,5,1
46,79,36,82,65,3,0
82,50,26,95,40,5,0
36,49,52,91,57,3,0
92,89,98,52,88,1,1
52,30,91,73,82,4,1
96,47,95,81,69,3,1
48,88,96,75,31,5,1
32,67,100,48,88,3,1
65,47,34,76,92,0,0
54,54,81,81,63,3,1
25,42,61,53,71,6,0
88,45,88,46,28,1,0
66,81,64,75,84,2,1
44,47,84,93,29,0,0
85,69,72,57,65,2,1
29,68,43,79,77,1,0
75,71,96,93,56,6,1
49,64,57,57,71,2,0
24,75,68,85,100,3,1
52,66,61,88,32,2,0
84,31,60,34,25,4,0
37,74,45,83,77,1,0
68,72,26,73,67,4,0
30,30,55,71,51,2,0
45,33,54,86,30,6,0
82,81,100,76,100,4,1
78,55,68,54,24,0,0
46,45,36,73,25,2,0
68,64,75,44,93,5,1
96,69,73,80,40,4,1
52,73,48,82,61,3,0
20,44,48,63,100,2,0
40,41,84,37,46,6,0
74,52,35,99,22,5,0
25,65,37,50,79,6,0
100,90,96,36,85,0,1
88,49,98,85,68,3,1
24,82,96,78,53,2,0
22,65,88,71,56,6,0
72,30,44,52,61,3,0
42,99,96,81,84,2,1
72,62,97,82,79,2,1
56,30,95,45,20,1,0
93,69,52,66,78,4,1
93,99,26,47,23,2,0
36,38,67,49,33,0,0
97,90,32,75,37,5,1
92,64,37,31,53,4,0
20,27,59,92,20,1,0
70,48,47,32,72,4,0
64,43,70,75,41,4,0
96,42,39,78,99,2,1
23,88,26,30,80,0,0
81,59,85,51,41,2,0
84,86,100,43,69,6,1
51,25,88,74,35,0,0
53,49,76,35,47,6,0
91,69,60,94,89,0,1
58,73,91,50,61,3,1
45,40,93,33,85,2,0
53,43,91,32,90,6,1
73,47,71,59,100,1,1
22,49,26,60,54,5,0
69,40,68,63,39,4,0
31,78,88,49,21,3,0
84,97,52,83,26,6,1
73,25,78,54,68,1,0
24,66,98,44,95,5,1
76,43,91,67,28,5,0
36,58,60,52,46,2,0
66,79,87,81,97,0,1
42,42,49,95,21,6,0
98,58,72,86,87,2,1
33,69,63,86,79,5,1
85,30,71,81,68,2,0
94,45,45,64,21,3,0
70,94,54,43,36,6,0
57,72,55,43,39,1,0
83,63,50,62,95,5,1
57,55,46,81,51,6,0
69,34,45,30,70,3,0
49,54,25,63,61,1,0
98,42,61,48,82,3,1
70,84,70,53,80,4,1
82,97,33,33,81,0,0
71,39,41,65,22,0,0
57,28,71,87,95,0,0
98,87,83,61,45,4,1
49,64,78,38,67,5,0
70,33,36,96,27,5,0
100,33,88,49,24,4,0
24,50,30,91,30,0,0
48,28,77,87,61,0,0
23,40,40,51,60,1,0
29,39,29,96,38,1,0
75,76,97,77,67,2,1
36,93,70,37,72,6,0
93,29,38,44,74,6,0
36,44,68,61,80,6,0
88,42,87,82,51,3,1
53,26,76,96,65,1,0
25,37,50,33,55,1,0
72,28,77,59,37,1,0
85,66,53,42,93,1,1
96,98,43,50,37,4,1
62,85,71,70,31,2,0
94,32,32,48,91,1,0
42,91,47,77,65,5,0
74,87,59,92,74,3,1
99,33,77,49,57,6,1
94,35,82,93,97,1,1
35,66,29,66,21,4,0
27,37,40,60,28,5,0
23,60,41,47,24,6,0
23,37,56,49,38,0,0
75,36,76,40,90,0,0
44,61,44,73,58,6,0
86,98,90,93,61,2,1
86,97,25,63,36,0,0
46,76,82,94,82,1,1
51,95,68,84,65,6,1
69,26,30,30,39,4,0
80,80,74,67,89,2,1
70,84,96,38,27,5,1
38,47,44,100,38,1,0
40,64,38,46,51,0,0
24,88,29,81,38,3,0
61,47,65,47,43,1,0
80,53,64,92,43,3,0
41,75,58,62,75,5,0
40,93,69,33,100,3,1
89,55,95,81,37,5,1
20,74,95,38,31,2,0
24,44,51,93,60,4,0
31,79,68,59,67,0,0
65,26,57,37,83,0,0
53,49,57,34,35,1,0
68,37,68,92,99,6,1
97,94,44,30,42,0,0
64,91,60,44,58,2,0
46,82,31,67,52,0,0
92,99,56,71,43,1,1
45,88,91,75,80,0,1
66,93,63,82,74,4,1
75,83,48,55,80,5,1
82,84,94,90,59,3,1
67,86,78,96,77,3,1
80,40,62,83,91,5,1
100,92,98,51,93,3,1
45,39,99,55,20,4,0
55,79,56,89,44,2,0
20,59,69,68,72,1,0
27,79,85,65,80,4,1
71,38,94,50,65,1,0
98,73,77,70,93,2,1
66,31,75,77,79,4,1
75,54,100,55,70,0,1
33,73,80,92,92,6,1
47,40,51,65,67,2,0
97,75,62,53,59,3,1
21,96,86,50,26,4,0
45,66,42,47,94,2,0
33,41,88,44,38,2,0
78,87,54,35,34,4,0
75,69,73,72,89,3,1
26,31,65,60,80,5,0
22,51,37,57,75,3,0
42,34,58,37,29,2,0
37,58,49,58,65,1,0
57,60,90,50,99,5,1
34,49,42,87,94,5,0
83,30,29,89,76,2,0
47,48,43,79,54,4,0
93,42,66,60,91,4,1
58,30,42,76,22,4,0
76,53,56,63,85,3,1
36,49,45,31,72,0,0
63,79,34,96,97,4,1
44,70,61,81,71,4,0
36,48,73,36,72,5,0
32,99,37,48,73,1,0
44,50,79,44,66,1,0
87,52,41,77,22,2,0
29,27,33,43,84,2,0
86,99,68,32,34,2,0
37,62,70,79,53,4,0
53,85,32,83,69,1,0
27,75,61,35,52,2,0
59,72,43,78,92,1,1
61,45,87,52,22,4,0
60,78,70,49,21,5,0
25,80,95,89,23,4,0
71,83,50,74,35,2,0
45,96,70,90,73,4,1
83,75,70,85,52,4,1
78,44,99,31,28,1,0
75,83,38,74,76,0,1
78,95,87,69,59,3,1
89,33,96,53,71,2,1
52,25,27,58,35,6,0
72,53,52,96,27,0,0
41,87,53,97,79,5,1
40,96,42,95,55,6,1
89,80,59,83,22,2,0
89,92,100,82,34,0,1
23,59,71,78,42,4,0
94,27,29,61,22,2,0
81,31,99,90,49,0,1
81,51,83,71,64,3,1
43,25,99,30,36,4,0
74,95,83,92,77,2,1
28,68,71,64,77,5,0
22,65,37,80,76,5,0
50,99,57,100,26,2,0
59,66,86,74,58,0,0
55,57,40,94,97,2,1
43,74,68,43,77,6,0
25,87,82,32,75,4,0
85,61,30,53,34,1,0
94,83,39,94,63,5,1
23,72,28,77,31,0,0
98,29,80,39,27,3,0
25,72,88,42,99,2,0
70,27,92,43,60,4,0
81,71,58,39,53,2,0
76,86,80,69,65,3,1
85,38,56,52,48,4,0
98,87,33,84,35,3,1
94,85,87,92,24,4,1
27,55,96,100,24,1,0
45,41,57,71,49,5,0
70,48,45,95,69,4,0
64,47,79,76,24,3,0
63,74,100,81,32,0,1
24,94,81,47,68,5,0
89,51,26,47,69,6,0
45,39,37,53,33,1,0
87,74,28,52,65,2,0
38,60,74,41,53,1,0
39,32,72,52,90,1,0
31,27,54,50,66,2,0
66,86,53,93,79,4,1
20,71,32,63,93,1,0
33,85,36,31,98,5,0
83,56,65,98,100,1,1
57,37,50,60,30,0,0
56,25,74,97,69,5,0
30,58,26,99,23,0,0
96,86,79,48,60,5,1
22,95,80,42,78,3,0
52,55,38,94,79,2,0
25,88,30,35,100,5,0
69,49,85,100,81,5,1
29,62,36,56,44,4,0
24,38,37,81,98,4,0
42,32,43,77,52,3,0
29,78,68,97,38,4,0
63,26,83,73,76,6,1
21,80,61,46,34,6,0
32,85,49,67,60,4,0
59,46,40,39,88,6,0
21,59,62,83,99,0,0
84,40,67,35,79,6,0
82,74,38,35,41,4,0
92,67,30,81,62,4,1
36,41,47,44,51,6,0
28,82,84,97,32,3,0
94,26,36,86,57,3,0
34,28,37,85,45,1,0
43,63,30,36,100,4,0
57,30,87,80,24,4,0
54,93,62,87,68,5,1
68,93,74,93,24,4,1
88,44,76,55,90,0,1
81,88,64,87,67,6,1
79,40,32,60,37,5,0
69,75,85,95,25,4,1
97,61,32,42,85,0,0
94,97,58,47,96,1,1
28,93,84,42,61,5,0
53,66,81,53,71,6,1
95,81,70,86,30,6,1
54,90,46,58,45,2,0
20,33,64,85,40,4,0
59,88,69,83,85,5,1
83,46,79,34,59,6,0
41,58,75,64,75,3,0
79,79,29,48,70,5,0
83,53,37,84,39,3,0
91,62,52,98,100,4,1
30,42,86,73,99,0,0
33,95,48,67,76,3,0
79,89,31,91,24,5,0
49,25,62,51,33,5,0
54,28,61,69,43,6,0
56,28,92,55,87,3,0
24,51,66,34,71,1,0
97,67,29,83,67,6,1
45,83,88,78,66,1,1
81,56,74,32,79,1,0
23,57,39,67,92,3,0
61,52,97,43,22,3,0
37,79,77,76,28,5,0
59,84,49,43,43,4,0
91,94,33,67,23,4,0
58,86,62,93,28,0,0
33,58,46,73,20,3,0
51,80,73,99,54,6,1
70,37,92,94,93,6,1
57,80,39,54,31,4,0
42,42,89,45,37,4,0
82,78,78,44,97,1,1
34,67,54,32,29,1,0
44,63,44,96,93,6,1
36,85,57,66,37,6,0
85,66,31,84,43,1,0
97,42,32,67,20,2,0
72,47,52,92,98,4,1
70,78,69,30,91,1,1
58,54,97,100,35,1,0
70,82,98,48,34,3,1
89,92,35,81,81,6,1
25,91,55,59,24,5,0
86,95,36,84,64,1,1
26,42,75,43,71,3,0
70,31,68,42,90,0,0
91,64,74,56,26,1,0
61,94,41,38,46,5,0
83,89,59,70,32,3,1
34,92,25,77,36,5,0
48,73,53,41,63,1,0
52,76,75,39,32,0,0
46,53,88,35,92,1,0
55,45,28,63,24,3,0
48,33,52,81,52,0,0
57,71,40,70,23,0,0
76,100,87,35,45,0,1
46,66,100,31,87,2,1
74,75,77,44,35,3,0
52,80,41,46,41,2,0
87,75,64,45,55,5,1
85,94,37,57,77,0,1
29,44,76,39,74,2,0
24,51,82,39,54,1,0
93,62,61,39,44,2,0
57,96,100,57,91,4,1
32,89,85,53,100,5,1
50,78,58,48,80,0,0
66,48,94,97,37,0,0
71,71,41,85,77,6,1
75,95,44,96,95,5,1
34,87,97,71,76,5,1
48,81,83,41,82,3,1
27,79,93,47,31,1,0
24,84,57,52,30,6,0
48,86,41,35,32,5,0
66,54,81,82,54,6,1
87,46,25,71,46,5,0
95,99,37,95,86,6,1
64,53,51,59,64,3,0
21,65,94,38,93,5,0
46,66,83,71,100,2,1
55,89,30,63,86,4,0
55,55,47,69,41,4,0
45,54,34,46,97,4,0
62,42,75,58,61,5,0
46,41,43,79,39,6,0
88,62,75,78,67,4,1
39,38,92,90,37,1,0
30,80,66,75,96,2,1
93,46,81,75,89,4,1
57,91,92,46,93,0,1
25,80,62,95,25,5,0
91,43,86,34,58,2,0
42,81,31,83,30,1,0
66,68,95,45,44,4,0
65,59,74,36,74,1,0
31,25,76,37,77,5,0
32,76,50,67,56,4,0
81,94,50,83,35,0,0
79,61,43,44,89,2,0
62,89,33,79,92,6,1
95,75,85,85,56,0,1
87,25,44,38,72,4,0
24,45,74,37,35,3,0
56,77,46,48,37,2,0
91,40,37,80,38,1,0
50,85,36,86,63,4,0
28,78,34,97,21,0,0
70,64,89,60,77,5,1
48,50,54,32,29,6,0
97,89,32,72,95,3,1
59,98,45,58,65,6,1
60,88,46,39,38,5,0
30,67,42,41,57,4,0
42,41,90,75,56,1,0
20,83,72,59,97,0,0
65,47,68,61,64,2,0
40,31,33,76,53,3,0
55,68,91,92,21,4,0
73,77,78,55,63,4,1
76,95,50,32,46,4,0
20,58,50,52,67,4,0
82,70,58,79,26,0,0
73,92,32,65,46,2,0
74,40,34,42,90,1,0
59,95,72,58,37,3,0
34,43,79,67,52,6,0
40,26,78,34,52,4,0
66,34,64,49,44,5,0
92,74,39,43,33,4,0
72,36,42,37,57,2,0
28,94,47,77,57,2,0
93,46,86,42,23,0,0
71,56,70,53,81,0,0
76,25,63,94,29,5,0
45,78,39,63,54,5,0
60,82,77,80,42,0,0
54,94,88,32,84,3,1
82,42,87,87,98,5,1
44,30,40,84,44,0,0
94,69,94,71,72,4,1
57,47,90,50,36,0,0
21,47,37,39,76,6,0
26,50,71,86,94,3,0
53,31,33,54,96,0,0
36,68,87,85,39,0,0
62,51,58,67,44,4,0
78,50,53,90,61,5,1
70,60,61,76,64,4,1
73,79,67,83,50,6,1
43,88,88,75,84,6,1
44,81,48,97,71,4,1
90,93,95,33,99,0,1
71,85,58,95,40,4,1
89,26,72,72,49,2,0
52,79,36,91,22,1,0
68,62,47,33,89,1,0
48,53,37,94,62,4,0
82,50,69,91,48,5,1
41,59,89,31,22,3,0
45,91,71,38,77,6,1
47,53,82,86,52,4,0
68,58,29,74,94,5,1
90,65,29,47,64,4,0
100,65,84,77,88,0,1
68,47,45,71,51,6,0
39,95,48,70,71,6,1
82,27,42,87,83,5,0
80,82,45,71,59,6,1
68,56,78,64,32,3,0
90,55,34,67,99,4,1
20,67,48,96,93,2,0
32,31,84,70,48,5,0
70,25,81,79,82,1,0
75,85,47,74,45,5,1
81,38,46,100,78,2,1
51,76,92,48,68,6,1
49,30,58,46,72,2,0
48,34,94,94,50,6,0
68,95,52,85,31,2,0
64,54,63,70,77,3,0
49,45,66,71,55,3,0
35,84,47,35,29,5,0
59,98,94,98,25,3,1
38,87,26,69,26,1,0
37,66,48,70,50,6,0
20,75,41,38,91,0,0
97,88,89,37,22,5,1
66,100,94,73,66,4,1
85,80,93,87,20,4,1
57,65,84,96,64,5,1
70,56,74,42,73,0,0
82,39,36,48,69,4,0
23,86,71,78,98,5,1
20,51,91,59,26,5,0
27,52,89,95,82,2,1
48,88,51,88,34,1,0
74,83,72,82,86,4,1
22,82,86,81,49,1,0
51,26,68,60,97,6,0
29,60,43,44,87,5,0
93,95,83,49,55,0,1
53,37,32,34,86,5,0
74,39,79,36,24,4,0
51,84,71,47,44,1,0
69,46,26,85,30,2,0
26,87,63,74,91,2,1
27,99,69,57,85,5,1
84,98,56,79,47,0,1
76,49,89,31,79,6,1
86,72,62,97,29,3,1
78,67,35,53,69,4,0
91,62,34,77,58,5,0
73,65,83,74,56,2,1
86,69,79,87,82,2,1
70,64,44,65,80,0,0
27,41,41,31,57,2,0
53,81,92,47,52,4,1
54,26,29,78,94,0,0
97,86,84,37,64,1,1
51,33,47,87,63,0,0
65,92,70,44,20,6,0
35,41,76,46,72,4,0
87,74,34,52,66,6,1
56,64,70,95,52,4,1
73,82,52,99,86,1,1
33,99,67,56,34,5,0
74,45,50,66,33,0,0
67,42,79,78,42,4,0
26,79,72,93,73,4,1
93,53,53,63,27,1,0
26,48,51,47,73,3,0
52,98,42,93,55,0,0
42,41,84,73,71,4,0
38,42,98,46,25,2,0
38,66,93,88,47,1,0
55,69,98,42,69,3,1
48,41,45,81,57,3,0
79,97,48,89,49,1,1
21,38,27,71,100,3,0
20,73,86,93,92,4,1
66,53,26,95,73,3,0
88,28,90,63,90,0,1
39,44,66,100,65,2,0
30,71,58,93,47,4,0
21,33,66,62,36,1,0
86,51,44,41,67,2,0
31,39,92,48,63,5,0
39,43,69,38,79,4,0
24,76,99,46,79,2,0
56,50,66,79,24,3,0
57,50,71,68,88,5,1
28,50,29,70,97,1,0
72,70,73,39,89,1,1
63,73,61,41,26,0,0
43,77,58,44,72,3,0
100,27,97,57,36,0,0
93,90,94,33,78,0,1
49,66,42,65,28,3,0
78,43,43,94,41,4,0
100,41,64,76,64,5,1
100,57,41,68,92,6,1
33,100,84,67,78,0,1
28,73,66,73,99,2,1
59,80,96,80,32,5,1
85,87,89,55,31,4,1
44,27,77,65,55,3,0
92,73,31,98,29,1,0
41,79,29,30,35,4,0
23,50,48,82,38,0,0
45,96,52,35,25,2,0
77,76,86,66,23,5,1
48,31,41,31,49,3,0
56,70,44,98,65,1,0
94,70,27,70,46,5,0
89,40,61,80,64,2,0
37,48,39,76,56,6,0
61,85,75,42,28,1,0
60,78,72,98,80,3,1
57,86,32,95,54,5,0
53,25,37,88,66,4,0
36,73,72,97,40,0,0
56,49,27,88,36,3,0
44,34,89,39,74,2,0
95,40,97,42,25,4,0
46,82,55,31,54,5,0
76,96,50,44,69,1,1
50,53,80,75,56,4,0
25,30,58,86,32,4,0
59,40,33,39,44,2,0
31,44,86,51,20,0,0
72,95,37,37,68,6,0
90,67,93,50,54,4,1
29,50,65,51,72,4,0
64,95,25,74,71,0,0
36,57,71,69,73,0,0
45,50,28,51,95,1,0
81,69,87,59,66,5,1
65,87,76,91,62,1,1
83,91,34,74,39,0,0
21,76,52,64,52,6,0
73,92,30,71,35,3,0
84,50,51,34,97,0,0
70,99,36,56,26,1,0
72,26,86,99,89,2,1
55,38,76,91,40,2,0
45,54,72,61,55,5,0
48,73,91,37,73,4,1
40,36,70,47,38,6,0
30,68,98,44,44,2,0
59,57,39,55,86,1,0
30,37,95,82,72,2,0
55,50,60,73,94,6,1
78,45,38,61,67,6,0
58,52,27,57,61,3,0
73,72,91,68,66,0,1
74,64,43,61,61,0,0
43,90,100,47,21,1,0
41,97,78,99,25,4,1
88,47,93,40,65,6,1
75,72,34,61,85,0,0
52,26,57,49,100,2,0
55,44,37,69,59,6,0
39,83,75,37,77,3,0
100,70,56,64,97,4,1
81,27,99,98,93,4,1
92,79,48,50,52,4,1
45,36,59,53,81,0,0
85,64,94,46,31,5,1
92,90,64,47,68,4,1
92,40,78,41,97,1,1
59,58,68,45,24,2,0
36,68,86,33,70,5,0
20,30,92,63,88,3,0
80,88,57,75,51,2,1
62,46,80,60,68,1,0
61,42,60,54,79,1,0
44,36,78,53,65,6,0
58,76,43,94,87,5,1
54,75,67,54,60,2,0
22,95,36,57,100,0,0
63,72,35,65,86,6,1
70,43,94,35,32,1,0
31,30,36,95,37,4,0
38,51,65,96,70,3,0
63,77,49,77,55,3,0
78,72,27,99,100,1,1
68,31,27,96,53,4,0
80,83,52,77,31,2,0
36,93,47,94,24,3,0
93,35,72,73,67,4,1
76,39,91,92,59,4,1
74,88,66,75,32,0,0
66,27,64,48,45,1,0
31,93,30,93,33,4,0
81,47,44,100,30,6,0
99,77,35,79,57,2,1
27,61,51,92,99,3,0
40,33,45,70,76,6,0
100,39,37,36,41,0,0
99,27,59,38,35,2,0
89,94,71,33,96,3,1
91,41,52,78,95,1,1
44,50,45,35,48,2,0
31,45,42,50,21,3,0
34,96,55,44,73,0,0
78,45,84,96,21,6,1
45,35,61,95,22,3,0
45,62,45,85,75,4,0
66,96,38,97,91,0,1
51,59,84,61,30,2,0
29,38,47,95,95,5,0
35,38,53,58,51,1,0
90,34,71,95,23,6,0
36,36,54,63,28,0,0
42,62,62,56,75,6,0
45,58,51,89,35,0,0
26,65,39,68,100,0,0
33,34,83,73,90,3,0
98,41,27,65,29,4,0
26,41,34,48,55,5,0
28,91,41,74,43,1,0
67,86,35,50,83,6,1
91,25,72,52,75,1,0
78,36,29,56,97,4,0
58,28,93,48,97,3,0
37,66,88,70,41,3,0
78,37,38,55,71,4,0
36,28,74,57,69,6,0
33,93,50,93,66,4,1
50,43,96,97,42,2,0
43,26,93,80,95,3,1
79,36,31,77,38,6,0
64,98,40,39,71,0,0
22,30,79,68,53,1,0
56,32,80,48,48,3,0
62,75,28,93,80,4,1
59,35,72,48,54,0,0
74,87,41,91,24,2,0
58,81,60,42,95,5,1
34,36,94,54,26,2,0
23,97,62,71,60,0,0
44,26,86,68,21,6,0
32,32,72,59,29,6,0
52,35,34,34,63,0,0
35,77,60,47,89,6,0
61,34,53,50,54,4,0
85,32,28,79,81,6,0
74,60,68,35,93,5,1
61,100,80,79,92,4,1
53,38,66,95,39,1,0
49,78,37,30,54,6,0
32,45,70,86,56,5,0
32,74,57,59,91,5,0
37,63,45,87,73,1,0
51,44,81,81,99,2,1
58,31,93,66,47,0,0
65,33,94,77,89,2,1
48,25,91,30,51,6,0
81,50,72,48,30,6,0
81,62,100,75,61,4,1
76,62,57,96,42,3,0
35,85,60,31,49,6,0
75,68,57,85,28,6,0
29,68,55,46,78,4,0
49,98,45,51,47,3,0
44,86,51,56,98,0,0
24,30,96,84,52,0,0
84,41,86,61,66,5,1
68,75,50,89,41,0,0
22,62,90,57,48,1,0
64,48,36,57,53,1,0
33,75,46,54,61,3,0
49,34,41,55,71,2,0
87,96,31,100,66,5,1
37,45,92,46,93,2,0
81,94,61,36,70,3,1
56,81,62,85,64,1,1
44,63,35,93,94,4,0
67,57,25,49,53,6,0
84,83,49,67,40,5,1
72,42,66,87,32,3,0
98,80,76,45,73,2,1
92,81,48,80,44,3,1
34,100,77,56,40,3,0
68,72,80,80,20,0,0
87,66,87,45,77,1,1
31,51,32,89,88,5,0
78,98,83,69,90,0,1
56,76,69,96,32,1,0
80,66,51,31,71,3,0
62,56,76,77,42,1,0
89,50,42,81,40,2,0
58,49,40,53,25,5,0
75,99,90,31,39,0,1
82,47,29,94,95,5,1
65,81,27,49,59,3,0
30,76,94,63,28,2,0
81,55,31,70,69,1,0
96,88,74,70,47,6,1
44,95,38,52,30,1,0
90,57,62,67,94,2,1
71,26,71,73,75,6,0
23,42,57,96,98,1,0
78,71,67,91,54,0,1
91,57,53,41,100,4,1
39,59,81,59,44,1,0
82,75,29,94,38,3,0
73,42,84,70,50,1,0
93,96,94,49,100,5,1
76,54,26,35,69,3,0
60,68,94,33,82,1,1
22,77,67,39,66,1,0
25,34,28,80,20,3,0
24,76,80,67,77,0,0
24,73,83,30,29,6,0
73,35,33,37,27,6,0
66,90,27,92,45,4,0
68,82,72,62,53,4,1
28,60,67,44,38,6,0
39,57,25,60,97,0,0
80,71,81,50,91,1,1
54,37,77,32,20,4,0
69,64,40,95,67,0,0
81,92,75,64,44,0,1
36,66,99,70,43,4,0
22,43,79,88,66,6,0
51,43,25,45,88,3,0
32,82,52,85,86,2,0
92,47,77,74,51,6,1
87,78,82,88,36,3,1
33,89,97,79,80,6,1
30,36,84,41,88,1,0
75,48,83,41,30,3,0
86,58,46,62,57,5,0
48,77,32,78,87,2,0
28,32,73,50,38,6,0
86,42,66,89,36,2,0
44,81,51,81,32,0,0
95,29,63,83,20,5,0
61,50,49,68,21,1,0
28,54,62,78,85,0,0
98,78,48,93,87,3,1
59,37,48,55,35,3,0
44,53,84,100,23,4,0
24,27,74,36,76,0,0
30,82,90,91,92,5,1
78,100,38,53,42,0,0
98,26,77,69,21,0,0
57,99,56,76,86,0,1
91,52,72,37,45,2,0
24,100,63,83,26,4,0
67,26,64,38,63,6,0
37,31,66,32,52,1,0
89,50,100,83,83,1,1
56,100,32,50,55,1,0
79,40,50,77,23,2,0
67,47,36,76,42,4,0
96,64,67,97,44,5,1
47,84,75,92,93,4,1
88,97,87,45,46,2,1
96,56,73,34,70,5,1
100,39,51,40,98,0,0
59,37,33,58,100,3,0
64,29,63,99,88,0,0
81,99,89,77,99,1,1
77,98,95,44,42,0,1
86,76,95,63,28,2,1
75,65,31,89,52,1,0
59,77,96,91,54,3,1
59,74,91,31,69,5,1
96,39,34,48,43,5,0
52,31,95,78,43,1,0
25,64,77,57,38,6,0
38,52,81,77,58,6,0
99,56,51,66,80,0,1
59,39,78,78,44,6,0
78,94,28,77,44,4,0
78,89,47,58,46,4,0
67,28,72,89,51,5,0
60,35,66,58,30,4,0
32,50,27,87,88,1,0
64,85,27,77,52,4,0
72,61,52,52,38,2,0
61,47,87,56,35,5,0
82,64,55,36,30,3,0
46,47,34,78,94,4,0
57,40,73,83,93,2,1
79,85,45,97,88,2,1
26,92,77,71,74,1,1
24,55,100,88,44,5,0
64,77,78,73,96,1,1
77,49,81,55,53,3,0
50,68,44,52,31,3,0
42,36,73,37,40,0,0
61,33,31,82,48,3,0
29,36,53,43,70,5,0
51,93,72,100,42,6,1
72,78,37,36,52,6,0
49,78,27,38,27,5,0
58,52,26,32,61,1,0
50,80,40,46,96,2,0
21,93,30,73,88,0,0
97,82,69,75,60,6,1
96,99,95,87,93,6,1
31,66,29,57,82,3,0
58,62,80,43,33,2,0
85,92,95,38,81,1,1
32,77,56,55,94,4,0
65,57,73,31,65,0,0
46,95,37,63,86,5,1
36,80,54,48,72,2,0
79,96,49,68,71,1,1
83,75,84,42,26,1,0
54,98,83,34,100,0,1
89,67,52,79,73,0,1
49,39,82,52,30,3,0
90,62,44,58,44,3,0
93,39,58,55,78,5,1
82,29,29,86,85,5,0
47,78,84,30,46,0,0
79,75,67,57,77,0,1
98,34,81,91,30,2,0
56,36,81,76,74,3,0
41,28,99,88,38,1,0
87,42,78,60,58,6,1
39,60,69,99,89,6,1
87,49,61,78,30,6,0
83,100,72,34,33,3,1
36,60,78,60,79,3,0
31,91,72,66,55,0,0
41,33,30,44,60,6,0
36,85,58,81,21,0,0
29,77,87,98,76,3,1
84,42,72,40,79,4,0
41,67,47,72,39,4,0
69,59,37,99,41,5,0
33,87,71,52,23,3,0
83,28,68,69,75,6,1
66,65,56,92,77,4,1
48,69,50,31,84,5,0
95,74,77,76,77,5,1
55,52,38,59,49,3,0
71,66,76,45,95,5,1
95,100,60,88,38,0,1
26,93,32,76,81,0,0
48,25,64,59,87,0,0
30,63,46,38,98,1,0
52,41,40,94,63,0,0
25,59,84,88,80,6,1
98,70,84,93,40,0,1
51,66,34,37,29,3,0
70,63,49,81,49,4,0
94,73,55,47,43,6,1
77,86,45,87,67,4,1
45,62,57,78,74,0,0
65,47,55,61,71,0,0
48,46,45,77,57,0,0
23,28,60,74,86,5,0
100,73,89,83,27,3,1
32,83,28,75,48,3,0
58,97,92,60,29,3,1
34,92,28,66,88,4,0
48,95,33,45,94,6,1
48,26,54,75,87,6,0
94,73,69,75,68,1,1
51,55,28,90,77,4,0
21,64,93,75,54,3,0
66,72,47,80,69,2,0
97,75,40,91,59,1,1
41,67,46,64,31,0,0
94,79,96,71,35,5,1
46,73,72,74,97,4,1
86,81,86,97,67,5,1
100,39,84,76,20,1,0
75,51,29,59,84,6,0
40,92,31,53,41,2,0
66,88,75,95,34,1,1
99,54,89,72,86,4,1
78,60,33,63,33,3,0
25,91,69,52,92,0,0
38,73,71,90,38,3,0
76,100,91,66,59,3,1
88,79,48,42,23,4,0
22,80,34,100,52,3,0
20,92,97,36,62,3,0
77,68,72,71,56,4,1
57,55,59,67,85,4,0
34,82,78,81,46,2,0
53,77,95,73,64,3,1
80,47,40,93,100,1,1
54,52,77,42,69,6,0
83,40,64,57,82,0,0
44,61,44,30,25,5,0
43,45,93,72,86,0,0
31,41,69,71,86,4,0
37,61,30,79,78,5,0
34,43,93,89,32,4,0
99,54,73,30,40,6,0
46,69,63,80,83,6,1
91,42,26,45,56,2,0
79,86,63,68,99,3,1
65,60,45,44,67,4,0
36,76,64,62,75,6,0
72,43,78,82,63,4,1
27,68,36,46,32,0,0
98,31,61,35,23,3,0
46,68,62,60,92,2,0
65,92,39,98,52,6,1
69,58,31,69,56,4,0
90,90,74,59,72,4,1
22,93,89,98,43,4,1
83,79,91,36,70,0,1
63,34,68,42,60,6,0
72,66,55,33,48,4,0
43,65,67,79,78,4,1
79,93,72,32,59,0,1
22,34,85,41,70,4,0
39,34,99,94,69,3,0
65,84,34,56,55,3,0
34,75,53,79,98,0,0
44,45,72,46,79,3,0
97,32,86,61,37,5,0
90,89,37,80,39,5,1
36,54,68,46,24,5,0
28,73,71,63,37,2,0
57,33,88,64,59,4,0
67,41,77,53,20,2,0
79,93,100,83,38,3,1
82,82,68,47,45,0,0
21,81,52,79,48,5,0
91,86,26,75,78,0,1
30,76,81,77,82,2,1
83,85,81,62,81,3,1
96,64,58,56,67,6,1
100,62,82,30,81,4,1
91,67,76,88,37,6,1
40,87,53,39,85,3,0
37,43,59,54,46,5,0
83,74,99,86,25,3,1
57,57,72,95,89,0,1
51,37,57,44,78,1,0
30,86,99,57,25,5,0
64,67,97,42,50,6,1
52,73,33,43,75,4,0
60,60,72,95,73,5,1
27,34,91,63,60,5,0
30,30,60,54,37,4,0
70,81,95,83,42,6,1
60,25,68,41,55,5,0
36,95,84,38,44,0,0
95,82,87,60,26,3,1
65,45,29,82,39,0,0
51,80,100,72,24,3,0
98,44,64,67,37,1,0
99,78,43,71,52,5,1
73,49,71,77,98,1,1
39,52,89,96,54,2,0
52,29,91,95,84,6,1
93,45,42,45,82,3,0
59,42,74,45,91,0,0
51,71,54,60,90,0,0
21,94,90,87,60,5,1
52,81,29,57,69,0,0
96,43,66,33,49,2,0
49,89,29,39,57,4,0
52,27,74,80,54,0,0
96,66,82,47,85,5,1
45,45,32,76,65,1,0
41,64,55,61,27,6,0
85,91,36,59,87,0,1
57,49,45,65,56,0,0
65,79,86,38,32,0,0
34,76,57,65,92,5,1
63,68,50,58,64,6,0
68,80,64,45,48,4,0
94,79,89,50,60,0,1
80,94,83,93,75,4,1
86,97,39,95,35,4,1
25,90,25,88,31,6,0
28,43,35,57,85,6,0
25,31,79,84,81,2,0
92,87,26,60,38,1,0
51,66,89,62,49,0,0
60,66,68,89,35,0,0
95,83,40,70,32,0,0
27,44,46,75,88,4,0
91,97,42,78,42,6,1
69,41,71,94,81,3,1
81,51,54,71,50,1,0
81,71,34,52,72,5,0
26,26,82,56,36,0,0
94,87,86,61,68,3,1
99,86,30,32,68,3,0
23,43,91,89,86,6,1
25,41,65,46,45,3,0
77,93,67,61,32,1,0
41,63,42,36,57,3,0
45,95,82,100,41,5,1
22,63,84,98,48,0,0
60,60,51,87,64,5,0
79,64,92,69,65,0,1
33,69,46,77,58,2,0
94,28,48,80,88,4,1
31,49,64,86,97,3,0
31,93,98,100,87,5,1
32,54,90,66,58,4,0
44,100,64,84,39,4,1
64,92,30,70,96,4,1
38,53,42,49,87,4,0
74,97,54,62,54,4,1
64,92,45,69,27,0,0
27,75,86,63,71,1,0
72,48,34,91,59,3,0
74,38,37,48,55,3,0
51,93,100,72,25,0,0
70,42,33,98,89,5,1
63,66,92,92,92,0,1
89,81,63,39,35,6,0
37,36,48,42,65,4,0
41,41,58,34,78,1,0
56,54,85,87,57,3,1
75,99,65,88,37,5,1
78,47,29,88,31,2,0
22,25,74,44,73,0,0
47,56,28,30,66,2,0
93,33,75,67,20,3,0
54,39,76,82,34,0,0
80,52,63,81,99,3,1
73,48,32,30,40,0,0
82,84,69,40,20,5,0
98,59,52,87,86,3,1
26,51,51,69,31,6,0
95,100,89,89,47,2,1
68,44,58,73,58,1,0
50,89,86,35,56,5,1
77,73,86,57,79,6,1
80,25,62,60,50,5,0
43,34,50,37,77,0,0
39,71,48,34,30,2,0
56,83,63,83,48,3,0
23,86,45,46,32,2,0
39,42,71,67,70,5,0
79,70,72,38,73,0,0
43,56,37,43,38,2,0
69,51,27,55,77,6,0
68,42,56,91,55,3,0
70,63,59,54,47,4,0
55,73,43,65,87,5,1
85,68,38,62,22,1,0
98,96,72,32,60,1,1
53,78,92,40,54,5,1
55,58,69,87,95,4,1
25,95,43,93,100,0,1
58,60,88,47,95,2,1
61,42,90,76,69,2,1
77,62,90,73,93,4,1
31,83,99,88,49,6,1
22,33,69,79,91,4,0
37,97,98,98,96,3,1
59,96,91,58,89,3,1
40,75,93,96,73,1,1
34,59,27,31,90,0,0
45,29,62,54,70,0,0
27,38,66,48,47,6,0
61,54,64,69,83,4,1
63,28,74,31,40,1,0
33,63,59,94,46,1,0
97,88,48,91,46,3,1
21,49,41,83,96,2,0
56,52,64,74,69,6,0
88,100,98,78,48,0,1
57,90,90,98,58,6,1
60,46,68,67,76,1,0
81,55,47,33,56,3,0
79,47,30,46,83,3,0
33,72,90,82,67,3,1
21,44,45,82,41,6,0
89,62,59,60,49,2,0
36,79,53,51,47,1,0
47,92,31,40,42,4,0
85,25,77,63,23,4,0
54,31,61,44,22,3,0
24,81,47,39,80,3,0
84,36,32,82,23,2,0
59,29,100,77,84,3,1
95,74,72,60,31,5,1
75,66,34,66,32,1,0
55,36,48,57,53,3,0
64,42,71,60,78,3,0
42,90,77,99,92,1,1
66,98,63,43,50,0,0
50,41,91,45,90,5,1
30,92,90,54,32,5,0
29,95,30,68,73,4,0
86,86,45,95,21,3,0
33,65,97,67,52,1,0
99,58,98,70,69,4,1
93,94,60,69,26,6,1
29,69,27,93,37,6,0
95,82,66,45,70,2,1
20,75,69,88,27,6,0
24,58,68,40,74,6,0
39,68,57,30,95,0,0
27,39,84,42,62,3,0
62,94,94,59,78,0,1
95,74,50,98,49,3,1
20,56,45,47,78,3,0
76,91,26,42,28,3,0
83,27,71,61,87,0,0
47,98,54,100,58,5,1
56,75,51,79,100,2,1
66,91,95,100,30,5,1
95,100,44,60,21,1,0
56,72,74,80,42,1,0
68,41,47,56,82,6,0
63,31,37,89,41,5,0
75,37,28,62,80,2,0
47,90,38,82,45,6,0
98,28,44,62,31,2,0
25,34,37,70,51,3,0
80,41,27,48,28,3,0
39,76,71,70,88,1,1
97,30,27,71,90,3,0
21,93,25,52,52,6,0
92,98,48,62,43,3,1
56,33,59,49,88,2,0
39,45,38,54,57,0,0
45,48,91,81,30,5,0
48,28,37,41,51,4,0
20,48,71,61,83,4,0
54,83,74,62,91,3,1
89,27,50,97,39,3,0
78,92,27,44,53,5,0
88,64,75,80,61,4,1
52,72,64,35,27,2,0
70,78,92,98,85,4,1
97,59,60,98,40,4,1
31,80,75,64,98,6,1
39,64,25,63,89,4,0
72,92,57,92,24,3,1
62,70,31,97,86,6,1
69,37,76,47,62,3,0
48,51,35,55,35,5,0
76,30,51,90,92,4,1
58,41,38,77,54,3,0
75,60,70,60,62,5,1
62,26,100,63,58,4,0
69,76,34,36,29,2,0
42,90,48,36,93,3,0
63,76,85,76,39,0,0
57,67,42,37,20,5,0
42,46,33,30,25,3,0
64,79,41,32,72,2,0
71,91,82,82,65,2,1
99,84,37,67,85,3,1
69,82,74,80,57,1,1
27,36,30,44,52,5,0
20,93,75,96,86,4,1
27,63,60,93,96,4,1
48,37,95,97,54,2,0
24,65,49,34,98,3,0
66,81,35,39,64,1,0
53,77,68,37,41,5,0
84,36,38,41,87,0,0
74,37,53,93,36,4,0
62,98,98,88,24,6,1
93,81,74,96,76,5,1
49,64,29,79,59,5,0
36,69,96,52,49,1,0
45,59,93,69,61,5,1
27,27,81,47,26,4,0
66,29,50,50,90,3,0
95,35,30,30,38,4,0
91,95,40,67,60,0,1
65,80,84,70,53,3,1
87,34,36,71,41,2,0
52,58,99,38,71,1,0
20,91,27,52,25,4,0
38,96,87,40,93,3,1
50,55,88,100,44,5,1
99,99,86,60,85,3,1
33,95,30,55,29,4,0
72,90,43,59,93,2,1
67,94,42,63,45,4,0
88,65,67,75,24,2,0
81,87,97,98,87,5,1
85,56,27,34,90,4,0
83,44,96,90,69,3,1
89,81,62,67,36,0,0
82,74,92,57,30,0,0
92,49,100,55,72,5,1
52,36,68,90,69,6,0
60,95,87,52,27,6,1
67,63,66,75,81,3,1
32,41,88,59,95,0,0
92,69,78,96,48,5,1
96,35,95,62,63,2,1
50,94,100,32,64,3,1
94,47,61,98,48,6,1
87,94,28,71,78,2,1
23,62,26,91,34,3,0
38,26,68,87,89,2,0
89,96,91,86,63,2,1
32,61,92,30,55,0,0
42,73,100,89,76,3,1
94,76,98,98,83,4,1
20,57,86,88,95,0,0
73,46,25,75,57,2,0
90,29,41,63,36,2,0
34,42,40,54,46,6,0
84,62,33,71,36,4,0
95,61,77,58,82,6,1
90,88,97,54,30,4,1
34,34,83,83,83,2,0
40,66,33,96,58,4,0
38,72,36,44,21,1,0
79,68,65,33,85,6,1
52,40,39,67,73,6,0
68,78,90,49,48,0,0
54,59,99,52,64,3,1
63,52,35,66,99,6,0
30,26,32,91,50,4,0
91,37,79,37,68,4,0
97,65,30,66,28,1,0
93,83,77,74,46,3,1
85,93,44,62,75,1,1
65,77,63,36,97,3,1
28,69,96,51,64,6,0
22,44,58,34,62,6,0
45,48,81,44,41,0,0
91,85,43,50,52,4,1
67,82,95,46,46,0,0
85,51,55,85,59,3,1
89,50,64,79,45,4,0
47,31,38,36,64,6,0
45,66,61,79,64,1,0
44,71,68,89,45,6,0
31,77,33,36,89,6,0
24,83,82,69,86,2,1
67,62,44,74,25,1,0
56,93,74,88,47,2,1
98,77,44,84,86,1,1
63,39,60,93,32,3,0
34,50,51,94,82,0,0
62,72,96,83,32,2,1
67,43,56,69,96,3,1
89,33,25,82,20,0,0
65,88,41,73,59,0,0
62,78,33,92,56,4,0
40,75,69,31,50,6,0
42,63,90,50,36,4,0
99,28,56,79,28,6,0
66,27,69,81,83,4,0
34,88,33,38,76,2,0
44,53,54,49,32,2,0
55,35,62,47,56,6,0
94,82,84,59,33,0,1
70,99,25,94,94,2,1
34,51,29,53,44,0,0
87,45,87,76,97,3,1
40,63,60,73,76,1,0
32,70,89,58,90,0,0
38,90,97,97,61,0,1
53,60,48,46,61,3,0
97,99,28,34,66,6,1
87,89,92,79,63,4,1
71,87,49,69,60,5,1
46,59,98,75,22,6,0
48,55,31,80,20,4,0
47,52,37,40,98,4,0
54,25,92,41,30,6,0
27,49,67,42,26,6,0
35,67,81,93,31,0,0
55,91,60,37,57,0,0
49,87,38,94,73,2,1
37,75,96,38,86,2,1
21,26,51,31,72,1,0
68,88,61,42,51,1,0
96,98,95,31,64,5,1
23,93,100,97,70,6,1
94,33,49,77,56,2,0
26,26,91,32,78,6,0
93,58,28,97,73,0,0
58,84,98,35,37,3,0
32,85,40,34,20,2,0
50,55,43,32,40,0,0
90,34,53,39,47,6,0
82,100,75,72,35,2,1
75,60,42,48,67,4,0
61,73,82,43,47,2,0
80,94,68,50,41,6,1
61,73,40,72,20,6,0
75,27,89,57,61,5,0
55,98,26,50,89,6,1
87,29,80,65,22,4,0
26,85,52,53,99,0,0
73,50,89,83,100,4,1
20,96,29,67,63,2,0
63,29,46,46,46,4,0
64,39,37,51,70,5,0
66,40,89,74,43,3,0
32,25,40,90,39,4,0
41,40,88,40,51,6,0
40,61,56,90,32,5,0
28,27,75,67,62,4,0
45,76,82,95,39,1,0
28,71,70,62,21,3,0
34,37,76,72,87,0,0
29,79,87,60,79,6,1
61,45,100,64,23,5,0
91,90,84,66,36,4,1
43,78,89,76,20,3,0
99,51,79,52,52,0,0
68,62,81,65,49,3,0
45,82,95,69,24,5,0
56,86,97,44,31,1,0
87,70,50,66,51,5,1
69,35,36,33,57,5,0
43,96,95,51,36,0,0
38,32,70,51,77,0,0
79,95,71,46,59,4,1
58,88,62,67,43,2,0
93,45,45,53,31,5,0
37,96,38,35,38,0,0
38,87,26,97,48,5,0
55,88,96,35,71,5,1
93,44,94,55,36,0,0
74,32,57,70,92,1,0
88,82,30,67,40,1,0
66,70,61,72,79,5,1
68,55,38,82,94,1,0
52,33,61,44,39,5,0
40,39,32,85,72,4,0
100,50,37,85,99,0,1
41,34,64,60,82,5,0
67,53,82,86,76,1,1
56,60,42,80,48,1,0
34,61,81,53,20,3,0
54,95,62,87,78,3,1
90,47,56,33,83,6,1
51,65,90,39,91,1,1
30,52,49,92,90,6,0
29,72,82,44,63,6,0
92,62,99,92,67,6,1
97,55,57,48,94,4,1
96,38,90,92,34,2,1
76,97,54,85,54,5,1
44,53,58,50,42,3,0
21,75,93,63,72,5,1
83,73,72,46,64,3,1
54,67,64,47,32,0,0
26,96,75,95,53,0,0
37,29,37,80,57,1,0
86,66,55,94,89,0,1
61,31,63,72,87,0,0
58,66,87,86,24,2,0
60,60,72,39,59,6,0
94,51,72,66,89,4,1
43,82,85,77,40,1,0
79,70,36,98,47,2,0
65,90,80,85,22,1,0
38,49,42,65,42,4,0
87,97,51,60,91,1,1
61,51,52,84,38,5,0
51,25,76,67,94,5,0
58,98,40,44,69,5,0
55,66,82,45,93,0,1
55,76,33,82,77,4,0
22,49,50,85,39,2,0
92,78,52,36,91,2,1
27,91,60,86,72,3,1
89,30,33,84,28,2,0
60,82,71,81,23,6,0
87,94,75,33,60,5,1
32,77,100,72,44,6,1
68,90,81,69,53,6,1
79,82,56,59,92,5,1
21,26,91,39,28,3,0
79,100,81,36,94,0,1
24,46,78,65,32,2,0
63,61,40,64,28,4,0
46,44,86,68,99,3,1
51,48,80,65,23,2,0
40,89,47,49,53,0,0
27,89,41,78,26,6,0
91,25,62,88,34,4,0
69,27,96,78,57,4,0
86,70,54,55,94,6,1
63,79,82,65,71,0,1
77,99,46,72,100,2,1
22,88,41,72,26,6,0
89,69,39,62,64,1,0
21,50,72,74,78,2,0
63,89,56,74,40,6,1
21,48,64,44,47,6,0
100,98,81,46,22,3,1
54,59,82,41,33,3,0
49,48,40,51,21,2,0
27,52,52,52,48,5,0
41,40,25,41,37,3,0
63,83,65,97,56,1,1
77,78,72,80,64,5,1
55,40,55,42,64,1,0
88,39,60,86,43,4,0
96,35,57,84,65,3,1
50,89,57,57,31,6,0
66,92,47,73,72,5,1
74,67,84,48,64,2,1
99,93,54,75,51,5,1
81,37,69,32,37,6,0
49,34,63,49,32,4,0
74,99,69,54,23,1,0
35,65,36,85,42,4,0
31,74,56,90,81,0,0
36,95,80,84,73,3,1
35,83,48,64,93,2,0
31,63,37,88,74,1,0
27,27,44,68,88,4,0
22,100,80,86,59,2,1
35,31,77,96,33,3,0
49,73,92,63,47,6,1
42,50,78,70,91,2,0
24,57,58,51,99,3,0
84,72,52,56,90,3,1
49,26,74,50,86,3,0
40,95,26,70,48,4,0
89,56,50,60,80,6,1
41,28,75,56,87,3,0
91,44,71,66,28,2,0
51,60,50,95,36,6,0
52,56,99,83,68,0,1
35,52,98,38,82,2,0
95,25,85,71,97,4,1
57,84,47,65,65,3,0
33,80,61,39,32,6,0
55,59,65,88,64,0,0
42,54,76,69,72,4,0
85,78,73,83,36,1,1
21,60,51,68,66,1,0
92,79,30,36,81,1,0
84,82,98,33,69,0,1
94,89,90,44,62,6,1
86,93,48,77,87,2,1
71,75,62,35,94,0,1
81,46,52,64,91,6,1
42,77,52,100,47,0,0
45,60,90,97,64,6,1
87,92,85,87,60,0,1
74,60,70,48,55,1,0
25,76,93,91,52,5,1
54,77,99,100,44,6,1
41,74,98,39,38,6,0
62,65,67,54,66,6,1
34,42,83,73,52,2,0
79,46,26,87,86,5,0
31,90,39,54,33,5,0
68,45,61,69,98,0,0
61,68,95,99,52,2,1
57,71,44,39,61,5,0
64,63,59,95,84,3,1
54,53,58,54,66,0,0
49,78,55,100,54,0,0
49,41,43,40,51,0,0
97,84,92,65,74,3,1
25,55,48,78,73,3,0
86,97,63,77,95,1,1
99,73,78,36,70,4,1
26,26,63,80,99,2,0
71,72,41,46,78,4,0
33,38,43,61,91,0,0
92,83,72,55,33,5,1
34,82,59,51,37,0,0
40,82,56,42,74,5,0
54,75,71,41,75,1,0
85,26,71,100,68,6,1
21,65,88,30,79,4,0
54,40,70,62,72,6,0
97,28,59,43,90,6,1
39,36,41,93,25,0,0
29,53,66,72,89,4,0
44,31,53,87,27,1,0
85,38,94,70,34,4,0
44,36,41,97,45,5,0
73,29,38,68,58,2,0
52,56,48,30,22,6,0
55,98,81,70,76,1,1
33,67,74,74,29,4,0
84,93,81,42,22,0,0
99,69,85,100,65,3,1
73,33,63,38,41,3,0
71,73,79,92,86,1,1
22,57,60,52,84,3,0
60,42,61,83,38,2,0
25,33,38,76,81,1,0
44,86,51,68,76,0,0
32,81,55,55,95,0,0
27,53,97,30,32,1,0
40,49,68,43,35,3,0
87,39,92,94,35,3,1
44,30,72,98,71,0,0
98,66,81,96,60,2,1
87,53,99,78,67,5,1
64,28,46,79,58,3,0
79,81,28,87,32,2,0
31,73,96,82,23,6,0
51,68,70,86,62,3,1
32,99,83,47,100,5,1
50,38,58,45,65,1,0
97,27,35,31,66,4,0
39,86,55,42,72,0,0
37,88,35,74,44,1,0
79,69,80,72,60,3,1
82,82,62,83,22,5,1
25,44,45,60,96,0,0
51,82,34,38,32,4,0
62,81,50,77,37,4,0
21,92,32,47,56,5,0
79,76,32,40,62,5,0
42,61,84,91,53,3,0
50,32,96,48,100,0,0
24,68,58,53,74,6,0
53,29,40,42,71,6,0
29,93,37,75,55,3,0
21,55,100,82,73,4,1
30,69,46,58,78,1,0
69,33,51,65,71,1,0
50,56,88,100,38,2,0
75,57,26,46,31,4,0
98,91,50,77,30,6,1
92,54,93,53,67,6,1
28,100,54,83,98,4,1
40,53,32,30,35,3,0
92,27,62,96,90,2,1
47,81,85,35,66,5,1
81,54,89,84,86,2,1
26,33,91,67,50,0,0
99,50,70,62,95,3,1
35,26,96,37,27,5,0
23,86,67,49,80,5,0
23,27,83,84,63,6,0
59,70,70,77,69,1,1
36,92,96,85,54,0,1
71,49,59,39,95,2,0
71,75,63,81,80,1,1
55,37,75,79,74,4,0
57,68,28,63,85,3,0
69,59,75,65,33,2,0
82,79,29,90,23,4,0
82,33,79,45,36,5,0
81,26,44,47,88,6,0
26,85,48,100,43,2,0
46,65,60,76,68,1,0
33,68,58,61,74,0,0
90,88,78,72,90,1,1
24,55,58,69,42,3,0
74,71,41,94,100,6,1
21,26,29,64,31,3,0
81,93,42,98,30,2,1
40,82,79,79,94,1,1
98,68,77,41,48,0,0
40,98,74,87,81,5,1
29,80,96,92,72,3,1
77,67,69,78,67,0,1
58,58,37,65,85,4,0
24,54,40,83,67,2,0
84,95,37,76,78,0,1
32,94,44,61,90,2,0
72,79,90,82,76,4,1
64,91,71,61,95,0,1
51,37,43,91,22,6,0
55,27,69,66,100,0,0
100,50,61,67,51,5,1
79,81,78,59,27,4,1
30,48,30,87,49,6,0
82,77,38,61,34,6,0
40,94,28,95,93,1,1
71,67,79,80,74,0,1
74,84,58,40,57,5,0
45,82,51,88,34,0,0
87,73,31,49,49,5,0
53,66,27,66,65,6,0
71,100,71,78,83,3,1
71,90,26,48,45,6,0
48,35,49,84,97,1,0
57,42,84,69,86,0,0
61,76,48,36,55,4,0
40,70,39,34,97,2,0
61,68,38,71,50,4,0
32,46,78,77,97,1,0
83,77,30,36,59,3,0
36,83,42,40,93,3,0
28,54,44,78,92,3,0
60,32,86,59,65,5,0
20,81,64,70,61,4,0
21,97,63,32,37,2,0
79,44,76,69,55,6,1
67,49,56,80,95,6,1
48,43,97,61,69,2,0
29,29,51,77,80,6,0
77,99,76,100,59,5,1
79,96,87,100,22,0,1
40,51,98,49,26,5,0
47,64,87,64,50,2,0
94,50,41,53,84,2,0
53,51,73,69,83,0,0
27,86,47,81,96,4,1
78,74,96,68,22,4,1
91,66,37,97,54,1,0
68,53,47,90,34,4,0
98,63,81,94,40,3,1
36,84,86,91,81,3,1
79,65,78,31,47,1,0
64,57,44,35,23,2,0
88,40,76,72,32,1,0
51,47,47,69,98,0,0
63,31,59,68,70,1,0
84,50,91,57,67,1,1
27,36,58,92,58,5,0
96,96,57,93,86,3,1
91,29,70,41,77,0,0
62,93,69,70,21,5,0
20,73,43,58,44,0,0
70,50,39,52,30,1,0
43,29,90,80,20,5,0
43,46,63,74,67,5,0
36,37,42,51,67,0,0
24,52,94,39,29,0,0
39,57,83,36,100,4,0
40,47,56,44,49,6,0
77,42,45,75,54,0,0
50,54,64,90,38,5,0
30,50,51,90,72,2,0
71,40,26,80,53,0,0
34,63,63,67,51,3,0
26,57,80,41,95,4,0
47,50,37,95,100,3,0
70,72,80,83,25,6,1
77,89,90,68,32,3,1
24,62,80,68,94,2,0
24,26,52,59,83,4,0
27,30,88,77,26,6,0
83,70,95,60,64,1,1
29,74,88,54,64,5,0
57,62,80,97,84,5,1
100,42,65,80,38,0,0
27,51,65,42,66,5,0
44,65,28,92,65,2,0
92,96,81,71,48,5,1
85,98,54,83,80,2,1
98,41,70,96,84,1,1
69,86,80,85,42,2,1
86,53,55,48,70,1,0
68,82,31,75,82,1,0
55,94,78,44,41,1,0
87,46,32,61,90,2,0
97,30,79,78,52,6,1
60,50,93,50,63,1,0
81,63,68,94,26,6,1
29,36,37,99,21,2,0
40,38,44,56,36,4,0
55,46,56,52,84,1,0
31,75,84,76,77,2,1
21,47,74,41,49,2,0
32,72,51,95,45,6,0
72,95,49,34,54,2,0
51,74,76,38,82,0,0
35,37,92,49,94,6,0
51,34,45,92,90,6,0
51,79,42,100,47,0,0
30,33,63,59,44,1,0
29,76,39,45,80,5,0
34,26,77,34,50,4,0
36,49,62,58,73,5,0
59,37,72,76,86,1,0
37,75,76,51,70,3,0
74,82,96,86,77,3,1
92,58,52,64,53,4,0
44,59,40,89,78,6,0
78,27,40,99,40,4,0
97,83,59,89,75,4,1
41,94,41,87,56,0,0
49,72,97,32,83,0,1
63,88,76,63,38,3,0
51,43,36,74,97,4,0
70,91,72,79,93,2,1
65,97,46,31,72,5,0
40,100,73,44,90,3,1
51,29,76,66,82,4,0
58,91,25,44,81,2,0
31,35,90,89,91,4,1
66,92,88,93,96,6,1
37,93,32,81,38,1,0
40,25,49,52,94,2,0
32,87,90,66,21,6,0
40,53,97,70,25,5,0
27,36,97,86,48,1,0
65,65,94,54,60,6,1
26,26,75,66,70,0,0
42,61,77,69,24,3,0
94,69,39,75,60,4,1
41,72,74,89,81,3,1
41,48,95,48,49,5,0
48,46,99,38,81,4,0
32,35,62,98,46,1,0
21,82,64,34,69,2,0
48,70,90,55,71,2,1
98,53,63,48,68,4,1
71,59,98,59,81,1,1
46,39,41,77,79,4,0
69,84,31,45,99,4,1
98,66,63,100,73,6,1
42,67,92,47,24,4,0
63,98,59,85,28,2,0
96,73,75,50,53,5,1
41,88,71,60,55,4,0
62,56,60,30,39,2,0
56,88,88,32,100,0,1
80,26,37,54,82,1,0
75,48,42,37,86,0,0
22,90,45,94,49,4,0
82,62,89,91,88,2,1
38,55,32,36,89,1,0
42,50,72,36,22,3,0
48,53,67,37,68,1,0
49,91,77,48,61,1,0
58,49,51,46,43,4,0
44,72,43,40,63,6,0
27,89,47,78,20,0,0
77,77,74,40,73,0,1
35,91,75,70,71,3,1
91,42,67,91,55,4,1
20,33,75,81,98,1,0
24,62,93,95,57,6,1
22,45,65,97,63,5,0
84,89,96,96,66,0,1
23,45,35,69,48,0,0
83,51,76,34,70,2,0
29,94,47,51,60,1,0
40,68,73,66,83,4,1
65,52,62,40,67,0,0
46,69,71,73,96,6,1
85,41,96,82,41,4,1
60,64,31,90,36,1,0
32,27,90,96,24,1,0
28,100,86,42,80,0,1
55,100,53,40,25,3,0
77,90,62,40,72,4,1
73,70,57,36,100,4,1
31,54,53,46,36,2,0
100,93,47,77,78,6,1
97,33,27,43,58,1,0
33,35,69,92,73,1,0
53,93,32,93,67,0,0
72,90,53,94,56,0,1
39,55,26,63,67,0,0
94,57,74,38,87,2,1
35,63,89,66,97,6,1
89,70,44,59,96,3,1
75,61,76,70,46,0,0
77,84,61,74,46,0,0
23,55,96,76,91,5,1
23,35,51,36,82,6,0
39,26,71,43,71,0,0
29,51,30,77,66,2,0
43,26,84,35,40,4,0
45,45,69,63,76,3,0
56,82,68,75,94,4,1
73,29,42,88,61,5,0
40,76,89,99,67,1,1
93,69,49,37,46,1,0
57,44,51,53,91,0,0
65,85,31,96,52,5,1
23,62,68,33,95,4,0
79,44,53,30,54,2,0
76,49,68,63,35,3,0
64,26,60,38,55,6,0
39,56,43,92,85,4,0
36,50,30,39,95,5,0
90,94,49,39,75,5,1
23,65,55,79,36,6,0
33,91,33,73,39,4,0
22,25,98,77,27,3,0
99,75,61,35,37,4,0
77,29,51,53,37,4,0
74,37,37,87,37,3,0
23,43,65,93,21,2,0
43,36,90,85,95,6,1
53,72,48,41,91,5,0
49,49,68,64,70,3,0
38,81,84,100,29,0,0
50,59,33,35,94,0,0
79,100,26,94,33,0,0
79,29,80,89,45,0,0
38,46,54,97,66,6,0
68,81,46,58,49,1,0
82,71,99,67,75,2,1
41,78,37,51,61,1,0
43,27,95,37,23,4,0
95,77,40,92,30,4,1
49,55,69,42,43,3,0
77,93,89,56,86,0,1
50,57,35,47,56,3,0
83,96,94,47,21,4,1
38,74,44,91,31,0,0
67,40,87,43,40,6,0
64,100,36,40,88,5,1
74,63,86,46,90,2,1
74,70,66,80,83,4,1
37,71,93,43,87,5,1
82,68,82,86,62,3,1
66,33,29,35,73,5,0
94,74,51,86,81,3,1
76,84,52,33,92,4,1
64,39,50,40,31,1,0
52,60,73,40,20,6,0
36,87,45,37,91,6,0
89,93,25,88,52,2,1
23,65,82,50,83,6,0
39,98,79,94,87,5,1
66,48,50,53,33,6,0
34,73,49,59,33,5,0
89,42,57,86,28,4,0
66,31,96,46,92,6,1
97,28,93,88,45,4,1
94,93,30,60,68,6,1
28,84,47,93,36,3,0
35,79,54,77,87,0,0
88,40,78,52,79,0,0
80,53,35,99,22,0,0
29,47,55,59,44,3,0
69,38,30,84,40,0,0
22,73,35,36,31,4,0
96,57,36,41,73,1,0
89,49,90,89,20,1,0
100,45,77,81,20,6,1
70,41,60,56,64,1,0
38,47,41,41,65,0,0
61,81,52,42,67,1,0
54,82,46,91,26,5,0
65,38,31,58,29,0,0
45,44,39,64,34,5,0
88,54,35,89,59,4,0
83,43,48,58,30,5,0
56,77,91,60,75,4,1
68,80,54,90,65,3,1
40,47,94,31,64,3,0
93,86,90,62,32,6,1
83,57,85,91,46,5,1
24,42,65,88,100,2,0
89,97,75,69,69,4,1
23,57,68,78,80,0,0
58,56,37,61,32,2,0
54,85,36,67,31,4,0
20,78,33,42,48,0,0
43,41,72,83,39,4,0
76,43,73,42,50,4,0
89,94,77,68,27,0,1
60,58,80,52,43,4,0
73,49,64,43,94,4,1
65,92,48,46,58,4,0
79,98,96,53,52,6,1
79,98,57,87,61,3,1
76,35,47,92,34,1,0
50,40,78,63,87,4,0
43,85,77,80,84,6,1
55,31,73,39,51,0,0
49,40,73,50,30,5,0
43,40,84,66,56,4,0
49,64,89,36,38,6,0
26,36,56,42,70,3,0
54,59,45,59,53,6,0
74,45,42,60,90,3,0
33,74,84,34,79,5,0
29,67,37,61,72,4,0
99,41,48,45,31,2,0
35,56,54,51,81,5,0
73,65,26,93,85,1,0
96,30,49,73,67,0,0
89,51,74,69,59,6,1
63,44,38,66,43,0,0
92,49,30,45,69,0,0
64,90,100,72,87,0,1
75,33,54,92,62,3,0
76,77,54,44,36,6,0
40,85,62,73,74,1,0
87,62,82,38,53,4,1
69,27,65,94,89,4,1
52,94,81,73,79,2,1
26,79,60,49,70,4,0
89,25,88,99,96,1,1
34,94,40,62,92,4,0
51,69,96,35,54,3,0
94,71,38,60,53,5,0
39,50,55,95,35,4,0
34,38,90,47,37,0,0
67,78,92,57,57,0,1
90,95,89,97,62,5,1
40,70,79,94,51,0,0
61,55,64,74,26,0,0
45,83,49,87,65,3,0
33,53,49,76,80,3,0
76,41,27,95,37,3,0
56,38,93,81,90,4,1
77,60,50,65,59,5,0
40,82,64,30,97,0,0
88,48,62,68,69,2,1
22,87,62,30,24,5,0
56,49,92,43,73,2,0
68,83,31,100,77,0,1
38,56,54,52,41,1,0
31,42,43,72,93,5,0
80,61,59,51,98,4,1
60,50,57,89,57,2,0
52,33,57,56,68,5,0
69,88,62,85,20,5,0
87,96,34,31,97,3,1
90,44,81,68,55,1,1
52,78,52,80,47,3,0
100,54,62,48,54,1,0
43,77,40,91,79,1,0
80,87,45,100,81,4,1
80,35,30,96,65,5,0
47,55,65,92,98,3,1
77,73,39,34,80,3,0
62,43,27,90,84,2,0
60,36,67,100,45,5,0
58,39,71,36,54,0,0
68,55,38,79,76,0,0
36,67,90,75,98,2,1
89,61,53,43,82,1,0
89,53,28,98,23,2,0
84,50,50,94,98,2,1
93,26,36,94,61,3,0
24,39,26,86,64,2,0
21,28,41,91,58,6,0
41,74,59,49,84,1,0
76,62,34,55,41,0,0
85,47,67,73,30,4,0
93,83,45,96,56,5,1
35,99,39,99,70,2,1
70,52,59,91,77,5,1
58,90,84,74,96,2,1
95,32,68,40,26,6,0
59,53,29,63,27,5,0
57,35,97,75,70,3,1
79,42,42,61,42,3,0
78,79,45,34,28,5,0
29,74,96,92,65,2,1
83,38,98,58,57,6,1
82,98,75,77,32,6,1
68,33,65,45,26,2,0
83,35,48,54,30,1,0
51,87,48,58,93,0,0
26,100,62,81,69,0,0
40,91,68,75,86,6,1
39,77,81,54,60,4,0
45,63,83,52,48,0,0
87,80,58,63,56,4,1
34,52,99,96,75,3,1
98,99,47,63,99,4,1
33,63,67,61,35,4,0
46,49,64,58,63,0,0
59,45,71,38,69,6,0
77,34,65,95,90,2,1
47,67,71,86,98,6,1
45,39,44,68,25,3,0
82,72,89,36,37,1,0
85,45,92,98,38,4,1
44,84,48,37,70,4,0
22,74,60,47,85,5,0
91,47,69,78,22,4,0
63,37,26,45,73,6,0
61,93,52,50,68,2,0
25,28,50,39,47,1,0
58,96,47,33,57,6,0
71,33,60,73,47,5,0
42,59,30,37,51,6,0
69,45,59,84,60,0,0
62,82,62,48,55,3,0
38,42,59,93,55,2,0
88,96,98,69,85,1,1
70,67,77,80,29,3,0
30,30,62,38,89,0,0
31,91,83,59,91,3,1
93,36,67,85,98,5,1
27,36,28,73,82,4,0
43,90,29,88,41,4,0
60,26,92,44,39,2,0
55,39,69,97,52,3,0
91,47,49,99,34,6,0
74,53,35,90,26,4,0
28,31,53,52,69,2,0
66,52,58,76,29,2,0
34,38,38,46,98,5,0
67,68,48,86,56,2,0
61,54,83,83,78,0,1
79,56,63,81,94,6,1
89,94,50,51,82,4,1
31,30,67,68,40,4,0
21,51,60,42,98,1,0
26,48,63,95,98,0,0
99,58,85,81,56,4,1
22,64,40,43,64,5,0
22,71,83,92,33,4,0
46,99,30,100,62,1,0
59,48,80,57,52,3,0
52,89,32,75,22,3,0
20,42,51,57,63,0,0
27,68,95,31,54,2,0
51,100,51,46,44,1,0
67,81,70,88,27,1,0
23,52,65,81,81,4,0
89,95,49,33,37,5,0
38,47,42,32,47,4,0
51,58,36,66,94,5,0
28,35,75,53,31,1,0
31,59,63,64,83,2,0
30,66,34,31,21,3,0
65,52,98,62,78,0,1
35,48,78,39,56,6,0
20,32,53,91,23,5,0
82,77,65,72,60,3,1
40,96,33,98,64,0,0
49,28,87,88,53,2,0
32,29,61,38,32,1,0
53,73,38,89,26,2,0
23,54,97,92,51,5,0
47,96,96,81,42,1,1
78,87,63,52,68,4,1
46,71,64,59,91,0,0
88,50,78,72,66,4,1
44,81,27,97,56,1,0
22,61,79,50,67,6,0
87,31,57,72,48,0,0
44,64,95,36,56,0,0
39,63,43,45,42,4,0
53,86,58,52,57,0,0
45,77,74,87,63,1,1
24,28,71,60,24,6,0
80,49,70,98,71,5,1
28,31,80,35,59,5,0
69,52,81,94,30,1,0
25,93,75,88,97,4,1
79,91,78,57,21,2,0
63,44,52,47,54,1,0
30,35,43,39,64,5,0
85,91,51,36,68,1,1
66,31,72,66,54,0,0
92,47,43,74,91,0,1
22,85,75,45,51,1,0
95,95,31,43,87,4,1
49,58,53,40,90,2,0
40,43,67,63,58,0,0
47,82,93,89,67,5,1
81,33,82,42,56,6,0
52,72,32,68,79,0,0
54,65,66,73,100,5,1
71,72,100,57,93,6,1
53,69,66,69,23,2,0
60,49,37,45,42,6,0
70,49,50,79,33,0,0
66,43,42,57,24,6,0
77,63,66,97,85,4,1
94,51,75,89,43,5,1
76,98,40,41,37,0,0
42,87,27,45,46,0,0
67,92,69,82,43,1,1
41,43,46,83,48,4,0
36,52,47,78,30,4,0
88,57,83,65,37,1,0
30,34,86,91,23,6,0
34,54,92,55,52,5,0
54,46,78,85,97,3,1
52,27,81,51,61,2,0
35,99,47,98,51,4,0
53,72,84,78,70,3,1
85,26,97,31,23,5,0
59,100,79,82,39,2,1
47,78,87,36,86,4,1
66,30,80,49,87,0,0
58,64,79,59,81,4,1
89,26,49,96,77,2,0
92,97,50,88,66,6,1
39,26,73,95,94,3,0
20,98,87,32,99,6,1
91,79,69,85,78,0,1
82,96,97,46,25,2,1
86,84,63,81,59,5,1
23,30,89,36,96,6,0
77,43,93,34,42,2,0
44,51,80,83,71,4,0
66,25,33,90,23,5,0
57,57,94,45,56,1,0
34,64,52,96,61,1,0
82,56,69,88,63,6,1
40,93,50,76,61,0,0
76,41,52,77,48,2,0
72,32,64,93,38,3,0
65,81,39,79,51,0,0
33,66,30,70,63,5,0
95,33,51,51,74,6,0
36,59,62,83,99,0,0
58,95,92,34,24,6,0
28,77,99,46,65,4,0
96,78,88,70,95,5,1
98,49,54,64,64,3,1
25,91,27,69,40,2,0
42,86,86,51,97,5,1
78,79,36,77,41,2,0
65,70,54,82,49,2,0
57,48,62,39,42,0,0
33,70,84,47,24,4,0
91,46,62,78,82,0,1
81,35,39,100,78,1,0
54,72,42,59,71,1,0
38,32,76,48,84,2,0
49,63,53,84,58,4,0
97,59,84,89,100,5,1
44,73,45,50,22,2,0
59,70,41,55,61,5,0
33,62,42,57,90,2,0
45,32,81,68,46,0,0
41,78,61,62,47,2,0
67,61,84,69,73,2,1
70,64,62,58,34,4,0
22,58,36,49,72,4,0
61,41,99,49,91,6,1
38,57,97,41,89,5,1
92,71,25,54,23,4,0
47,76,82,54,36,2,0
64,33,27,33,53,4,0
90,57,87,33,25,4,0
97,84,45,38,55,3,0
82,45,47,44,58,3,0
92,82,33,55,99,1,1
38,93,79,100,85,0,1
66,34,43,61,27,6,0
33,30,86,81,34,6,0
57,37,63,61,82,0,0
72,89,100,38,99,4,1
80,44,51,42,84,1,0
55,81,70,85,78,1,1
59,70,58,73,29,5,0
100,32,57,59,26,6,0
49,34,74,45,93,3,0
28,97,44,41,95,1,0
83,91,64,95,100,2,1
52,35,82,47,31,5,0
71,36,55,42,98,6,0
33,34,62,53,65,4,0
94,49,69,41,51,2,0
72,73,65,89,51,0,1
78,73,33,89,97,6,1
97,35,33,30,80,3,0
60,86,87,72,88,2,1
87,60,46,84,80,4,1
87,63,40,69,65,2,0
27,77,56,93,87,2,1
21,80,90,63,74,1,0
60,25,38,63,20,3,0
74,80,62,77,96,0,1
35,28,32,62,86,4,0
81,54,45,97,68,5,1
67,36,80,59,44,5,0
49,59,70,100,35,4,0
31,76,67,100,32,0,0
54,55,70,58,71,4,0
30,92,72,52,55,1,0
83,76,94,63,91,5,1
69,31,55,44,63,6,0
40,46,57,82,66,5,0
88,99,68,46,99,6,1
67,80,95,93,95,2,1
39,82,32,90,39,1,0
86,88,97,86,37,5,1
63,36,26,66,73,1,0
52,31,41,36,31,1,0
92,79,76,37,44,0,0
80,86,69,97,79,5,1
28,97,61,50,94,6,1
87,79,66,90,53,3,1
54,60,68,58,32,6,0
100,48,62,54,57,0,0
84,68,30,87,31,0,0
27,41,92,43,55,1,0
64,26,75,95,47,3,0
66,37,59,83,58,0,0
59,55,82,96,96,3,1
95,52,81,59,62,5,1
73,84,97,47,50,1,1
95,51,30,83,21,0,0
65,39,37,50,61,3,0
66,57,83,82,50,4,1
34,44,54,45,80,6,0
38,66,26,57,75,0,0
45,36,82,33,33,0,0
71,97,60,84,33,0,0
41,47,96,44,48,3,0
40,96,69,93,100,2,1
70,38,33,94,69,5,0
57,49,89,45,69,6,0
39,55,74,49,82,0,0
48,78,56,93,92,4,1
70,29,67,62,84,4,0
23,37,78,98,87,1,0
74,52,71,98,90,2,1
90,67,38,87,30,2,0
47,71,72,68,33,3,0
23,95,79,65,22,1,0
41,62,53,97,27,6,0
95,91,71,50,62,3,1
64,86,87,92,28,1,1
86,63,43,35,38,5,0
85,61,33,53,31,2,0
53,32,61,82,46,6,0
74,76,76,79,77,5,1
20,57,81,41,44,6,0
91,66,52,85,64,3,1
57,100,60,44,67,1,0
25,51,88,69,69,2,0
44,32,42,70,100,2,0
36,47,59,98,63,6,0
80,88,92,98,78,6,1
31,44,63,35,52,6,0
25,40,32,96,97,0,0
46,41,39,62,47,3,0
27,43,31,72,37,0,0
84,32,41,50,74,6,0
76,62,88,94,52,6,1
59,62,36,46,34,2,0
33,77,80,37,80,3,0
54,55,70,93,30,3,0
67,68,71,57,55,5,0
75,84,40,42,34,4,0
68,100,93,42,72,1,1
32,41,26,67,81,4,0
80,97,78,54,67,4,1
68,63,51,91,34,6,0
65,66,55,52,82,2,0
81,72,65,50,62,5,1
27,36,60,83,69,1,0
62,42,71,92,79,6,1
39,30,67,59,78,6,0
58,67,89,97,34,4,1
68,59,74,61,48,4,0
83,78,25,53,94,3,1
81,86,96,36,59,2,1
73,93,81,30,50,4,1
28,40,40,32,92,1,0
56,32,52,57,30,0,0
68,55,46,72,100,6,1
60,34,65,75,81,0,0
36,80,100,30,94,2,1
40,100,43,67,27,0,0
70,94,74,64,70,3,1
78,44,83,83,76,3,1
58,29,93,53,23,1,0
74,47,58,57,55,5,0
60,33,63,51,38,2,0
58,82,98,45,43,2,0
32,83,31,42,60,6,0
83,78,76,91,68,0,1
30,70,84,72,65,4,0
38,46,76,61,55,4,0
30,88,48,96,29,5,0
96,32,50,86,97,6,1
65,44,34,94,26,4,0
64,75,41,98,31,5,0
20,63,26,78,67,6,0
59,61,51,62,56,1,0
38,74,97,48,94,2,1
95,58,95,65,55,0,1
91,99,72,99,79,1,1
91,57,98,44,96,3,1
80,55,33,53,27,3,0
31,78,47,56,26,3,0
80,68,95,78,62,5,1
52,58,97,52,77,5,1
64,95,51,62,100,6,1
88,86,95,70,65,2,1
27,47,67,85,53,3,0
44,70,31,58,91,5,0
65,80,87,60,41,6,1
49,31,68,94,40,5,0
66,85,63,47,34,4,0
68,27,64,35,24,5,0
66,62,31,81,36,3,0
37,58,94,69,91,1,1
85,68,49,94,38,3,0
87,54,83,71,24,6,1
52,41,37,97,42,6,0
55,83,86,61,33,6,1
38,34,32,39,29,4,0
47,42,69,98,50,3,0
59,69,42,38,32,0,0
95,83,84,98,41,4,1
34,86,84,90,56,2,1
60,83,26,40,58,3,0
58,73,90,97,29,5,1
21,87,38,37,50,1,0
82,56,72,78,62,3,1
48,34,80,53,96,1,0
93,35,36,62,55,6,0
85,94,79,48,54,6,1
70,86,52,31,87,0,0
94,71,28,84,74,2,1
96,58,60,40,87,5,1
29,41,74,46,66,4,0
33,78,27,71,25,4,0
70,100,25,90,47,2,0
92,64,41,32,49,0,0
58,43,95,64,46,0,0
47,91,86,95,88,6,1
22,77,72,30,58,3,0
89,88,86,36,54,0,1
46,71,93,49,63,3,0
21,30,43,72,34,1,0
57,40,58,35,51,2,0
22,96,73,84,48,1,0
35,42,71,50,82,1,0
59,76,74,80,25,1,0
21,72,50,75,46,1,0
100,67,80,64,47,4,1
60,63,38,37,24,0,0
31,73,49,97,60,2,0
54,36,28,45,75,2,0
84,34,56,96,73,5,1
74,95,89,100,99,1,1
64,79,85,93,37,2,1
98,25,44,31,96,6,0
81,73,98,30,62,3,1
68,60,34,87,93,2,1
44,45,58,30,48,6,0
42,61,85,36,29,1,0
43,48,51,98,25,2,0
57,79,64,47,99,0,1
47,49,89,61,23,1,0
40,31,57,74,53,4,0
73,95,92,62,52,6,1
37,95,95,78,23,0,0
55,48,33,62,63,2,0
64,35,40,100,95,4,1
92,97,29,97,50,5,1
72,36,47,57,99,0,0
49,59,67,82,85,5,1
79,87,81,73,77,3,1
51,92,75,84,79,0,1
86,81,37,39,21,4,0
86,37,48,43,55,5,0
47,47,35,65,89,3,0
63,63,76,63,79,5,1
98,36,41,47,42,2,0
60,58,61,45,66,1,0
82,95,37,66,65,5,1
42,99,86,70,99,2,1
94,55,32,54,63,1,0
67,86,80,37,38,1,0
51,37,94,47,68,4,0
76,55,68,97,77,6,1
52,26,84,77,26,3,0
43,39,65,99,60,6,0
58,81,45,96,97,3,1
53,99,66,47,34,0,0
75,58,98,47,95,2,1
47,92,98,85,72,4,1
56,99,53,52,42,5,0
26,53,89,64,96,2,0
87,90,41,35,92,5,1
56,40,54,55,84,6,0
75,63,50,90,79,5,1
84,61,77,44,29,6,0
84,45,43,61,77,6,0
66,68,77,41,66,5,1
39,43,41,34,34,0,0
38,95,70,93,28,6,1
48,32,77,100,32,0,0
93,90,88,56,42,4,1
79,65,69,74,52,0,0
37,99,73,64,28,4,0
54,94,43,55,22,0,0
62,85,95,52,92,3,1
30,50,89,42,44,4,0
68,95,61,32,90,3,1
57,94,94,58,55,6,1
83,53,50,95,39,3,0
88,90,26,93,100,4,1
27,43,83,57,73,2,0
53,92,29,65,38,6,0
67,82,61,35,79,6,1
75,94,55,40,56,1,0
95,81,100,67,22,0,1
84,61,72,63,38,5,0
50,85,30,96,72,0,0
23,54,39,75,65,5,0
69,95,39,58,99,2,1
88,97,85,89,75,1,1
49,49,40,83,89,2,0
78,89,44,98,50,1,1
86,30,68,38,72,4,0
94,42,66,39,53,4,0
64,34,70,97,50,5,0
23,35,58,87,79,3,0
45,89,88,81,30,3,1
46,89,53,63,25,5,0
65,76,27,64,46,4,0
83,91,33,62,26,5,0
70,55,99,61,68,3,1
69,41,99,84,91,5,1
25,79,49,37,79,4,0
78,60,66,75,52,2,0
34,50,70,43,66,0,0
49,77,97,37,63,4,1
61,41,83,100,98,5,1
56,49,45,83,46,4,0
61,26,98,50,41,4,0
54,29,46,43,66,3,0
25,28,53,31,67,5,0
87,60,87,90,49,3,1
37,30,97,46,21,5,0
92,45,85,77,34,3,1
48,50,88,37,66,3,0
96,79,93,85,46,2,1
78,63,64,46,90,4,1
66,57,99,98,46,2,1
36,38,25,41,32,3,0
41,80,89,67,74,2,1
87,45,86,47,36,6,0
88,70,78,55,94,6,1
56,40,84,66,78,4,0
68,40,70,99,29,4,0
32,53,29,70,52,3,0
53,32,46,71,97,4,0
72,27,77,70,56,2,0
70,43,94,76,27,1,0
22,90,56,43,52,4,0
61,98,35,30,26,2,0
51,46,34,46,53,6,0
70,70,63,84,90,6,1
65,37,55,82,26,2,0
40,57,36,60,60,6,0
63,29,62,91,74,2,0
30,51,91,37,26,4,0
87,48,90,59,37,1,0
20,91,76,95,62,3,1
82,87,29,74,97,3,1
43,72,35,47,59,4,0
32,87,49,74,72,4,0
30,36,59,48,33,6,0
70,52,59,97,40,0,0
36,68,46,79,76,5,0
43,67,61,54,65,1,0
38,41,79,67,45,2,0
56,64,99,65,43,5,1
27,73,96,97,24,2,0
47,81,88,85,61,5,1
24,88,44,68,62,3,0
36,99,28,92,51,5,0
55,81,42,36,25,4,0
38,98,75,87,93,1,1
83,98,92,88,86,3,1
30,94,44,77,26,6,0
73,100,33,34,48,5,0
64,67,50,65,53,1,0
66,47,49,54,26,4,0
31,51,92,74,100,6,1
40,82,65,48,96,2,1
30,61,83,36,77,6,0
24,30,69,87,50,0,0
100,89,65,95,92,1,1
75,30,62,68,64,2,0
39,74,43,47,66,1,0
60,46,38,30,96,1,0
65,49,45,92,100,1,1
31,96,39,32,91,4,0
89,75,27,50,92,3,1
36,72,61,59,92,1,0
38,94,70,40,59,4,0
45,89,40,51,49,0,0
67,84,38,86,81,3,1
71,70,33,32,90,4,0
89,60,31,59,36,6,0
74,82,38,74,24,0,0
94,100,30,65,100,6,1
52,62,39,93,20,3,0
81,35,76,83,99,4,1
42,36,96,97,100,0,1
34,66,58,79,50,4,0
46,63,25,60,54,0,0
94,95,93,58,91,1,1
83,35,44,88,49,1,0
100,60,31,65,34,3,0
70,76,31,96,75,0,0
72,55,74,40,79,1,0
97,57,26,40,46,3,0
70,37,71,55,21,2,0
66,42,38,82,93,1,0
23,65,55,43,83,1,0
26,82,74,93,24,5,0
54,80,85,39,87,4,1
67,48,65,60,32,2,0
92,97,38,65,100,0,1
91,55,29,39,42,3,0
64,79,99,55,69,2,1
100,34,29,49,98,0,0
100,84,88,73,97,1,1
91,26,53,91,92,6,1
38,39,99,38,56,5,0
82,27,29,100,49,6,0
57,67,60,53,42,3,0
86,55,43,41,53,3,0
78,94,88,89,83,2,1
88,91,46,45,74,4,1
32,80,58,58,90,0,0
66,87,80,61,28,5,1
80,99,41,64,23,5,0
50,39,100,72,85,6,1
99,34,80,82,52,2,1
41,62,41,49,51,4,0
62,71,98,37,63,4,1
86,81,42,71,56,4,1
73,74,69,99,86,3,1
29,95,80,45,79,0,0
61,39,74,98,78,0,1
83,42,82,82,55,6,1
40,26,42,74,68,2,0
99,67,31,80,70,1,1
95,50,100,35,27,2,0
85,95,34,62,69,0,1
60,62,93,44,60,6,1
43,66,27,43,57,3,0
54,29,68,68,97,2,0
75,35,94,92,98,6,1
49,89,38,34,74,1,0
76,58,28,81,87,5,1
66,25,42,45,37,2,0
54,26,76,67,84,6,0
38,44,62,82,83,4,0
27,85,44,82,31,1,0
45,45,68,75,60,4,0
90,92,75,44,61,3,1
49,36,43,88,79,0,0
26,46,92,79,69,2,0
86,44,90,38,100,6,1
84,25,37,55,55,2,0
55,54,86,32,67,4,0
44,48,85,76,90,4,1
56,38,54,34,92,0,0
20,60,54,91,27,6,0
34,93,75,34,44,2,0
56,99,72,39,26,6,0
32,48,57,92,27,0,0
27,84,98,54,100,4,1
24,79,43,73,95,5,0
79,48,95,54,50,6,1
92,48,81,59,31,4,0
20,78,43,43,76,1,0
55,50,65,72,85,4,1
54,90,66,57,31,4,0
85,62,76,48,46,6,1
82,89,28,71,65,5,1
42,99,28,49,26,0,0
28,75,29,40,80,1,0
53,59,65,83,77,1,0
65,67,85,53,77,2,1
97,53,99,99,32,5,1
23,61,79,46,72,3,0
49,82,99,57,84,2,1
94,78,37,79,68,2,1
91,63,38,84,54,2,0
22,66,84,39,36,1,0
33,52,96,50,91,0,0
79,53,49,87,86,6,1
96,67,68,63,29,4,0
64,27,34,72,53,1,0
53,34,95,40,23,4,0
64,83,74,62,48,4,1
80,38,68,87,65,3,1
35,100,38,75,94,6,1
85,71,39,90,65,2,1
59,66,40,91,96,3,1
36,56,26,30,78,2,0
53,56,54,50,80,1,0
35,66,54,91,87,4,1
79,56,55,93,85,3,1
85,50,44,85,53,5,0
85,25,73,30,24,1,0
32,80,59,50,28,1,0
75,26,47,51,39,5,0
50,54,85,83,40,2,0
53,95,79,33,36,4,0
58,76,91,94,31,2,1
86,33,32,80,86,2,0
27,46,64,92,24,1,0
97,58,83,44,79,2,1
74,73,56,65,72,0,0
46,25,31,58,71,5,0
72,97,26,81,97,6,1
58,77,30,75,67,5,0
84,64,60,98,38,4,1
36,69,56,58,36,5,0
49,92,69,76,73,2,1
72,33,66,54,87,2,0
32,46,77,45,54,3,0
40,42,33,70,60,4,0
38,100,99,94,32,4,1
72,67,99,98,52,5,1
38,63,73,49,34,2,0
76,97,26,98,82,0,1
44,30,91,65,34,3,0
50,72,35,87,50,0,0
100,31,74,77,47,2,0
74,93,59,31,29,4,0
42,40,39,58,76,4,0
51,25,99,45,90,6,0
81,61,55,64,52,0,0
93,61,86,91,26,6,1
29,88,52,33,24,6,0
91,86,49,97,99,1,1
73,96,49,80,76,2,1
71,85,99,62,91,4,1
39,57,25,53,59,5,0
51,90,83,54,47,1,0
33,54,93,57,55,4,0
69,44,98,36,75,5,1
47,84,66,65,66,4,1
72,98,58,39,90,1,1
43,48,90,65,59,0,0
98,28,42,47,78,2,0
41,61,29,35,62,6,0
49,28,44,36,85,1,0
82,42,90,41,28,1,0
23,90,99,70,25,6,0
96,72,86,92,84,4,1
78,57,56,54,22,5,0
27,82,82,82,93,6,1
31,97,74,62,56,1,0
50,52,62,35,52,2,0
97,59,79,91,28,6,1
53,34,52,95,72,6,0
94,89,98,38,96,0,1
95,66,46,96,70,5,1
68,33,67,45,90,0,0
98,84,60,84,45,0,1
76,39,76,69,35,2,0
45,81,60,55,59,4,0
37,93,52,67,70,5,0
57,46,82,64,58,5,0
100,88,60,97,74,6,1
69,65,94,88,55,2,1
27,95,33,43,84,5,0
60,80,45,76,96,1,1
25,47,88,100,64,3,0
88,49,100,71,28,6,1
63,30,85,80,56,3,0
83,58,64,48,20,3,0
48,87,80,95,85,0,1
47,33,28,76,82,5,0
30,84,55,94,62,6,1
84,73,51,71,47,2,0
38,75,82,67,50,5,0
28,84,49,42,88,2,0
46,94,93,73,27,5,1
53,61,94,53,53,6,1
63,55,29,59,68,6,0
87,65,32,99,77,0,1
34,86,33,67,94,6,0
70,82,39,52,66,1,0
32,38,31,86,44,3,0
68,60,96,52,22,3,0
89,60,39,65,64,5,0
75,32,61,86,71,0,0
95,50,63,30,53,3,0
70,60,30,32,88,5,0
56,72,81,43,27,6,0
36,52,43,63,46,4,0
77,92,87,99,99,5,1
48,86,55,98,82,2,1
52,100,99,80,44,3,1
79,75,34,58,77,3,0
74,66,91,77,67,4,1
29,53,86,45,20,6,0
66,34,27,86,27,1,0
42,63,42,39,40,5,0
40,25,49,48,97,1,0
32,63,44,96,48,5,0
52,45,82,65,49,4,0
43,89,74,33,22,1,0
30,39,34,62,26,0,0
36,28,45,57,30,4,0
87,84,53,38,51,6,1
66,85,34,35,78,5,0
44,44,37,78,31,2,0
92,34,71,51,98,6,1
40,58,47,77,57,6,0
31,72,74,50,43,2,0
56,57,28,62,84,2,0
61,85,91,85,37,5,1
36,34,77,58,65,6,0
67,78,26,82,75,3,0
47,89,92,69,82,4,1
60,25,89,47,26,4,0
66,29,81,76,85,1,0
37,39,94,42,59,4,0
97,52,31,56,73,6,0
90,47,43,91,50,4,0
32,41,68,74,71,6,0
32,37,87,32,50,1,0
50,38,89,51,53,4,0
21,35,63,56,26,4,0
35,52,50,84,35,0,0
28,66,68,96,41,5,0
92,85,36,62,72,1,1
57,88,46,31,36,0,0
94,55,38,75,23,3,0
73,97,54,62,80,1,1
75,34,68,87,71,6,1
64,32,62,36,54,5,0
53,45,83,44,63,4,0
28,83,66,55,34,6,0
27,74,76,40,80,4,0
26,93,87,67,63,0,0
55,94,85,56,40,0,0
37,54,58,36,96,3,0
22,41,63,30,66,3,0
47,99,65,50,94,5,1
89,44,61,59,68,4,0
63,72,89,37,72,6,1
40,97,56,32,46,2,0
47,26,32,84,50,6,0
73,61,42,44,63,3,0
73,25,69,65,51,4,0
84,28,57,35,49,6,0
40,78,29,71,37,6,0
32,49,98,79,82,3,1
76,27,60,47,35,6,0
68,33,47,79,54,6,0
73,100,64,59,81,1,1
29,98,29,68,28,0,0
72,58,58,41,81,4,0
63,67,48,88,58,6,1
66,98,41,73,70,3,1
72,46,95,33,29,0,0
93,94,46,65,71,6,1
65,26,39,77,31,6,0
32,90,39,43,91,2,0
56,56,49,78,81,3,0
43,40,77,96,22,4,0
21,100,45,38,30,1,0
100,25,90,50,27,0,0
33,96,56,45,42,0,0
29,72,45,45,29,1,0
54,74,92,57,37,4,0
44,37,68,80,95,5,0
22,39,90,85,58,2,0
36,77,38,86,45,5,0
31,68,39,81,30,6,0
73,32,44,75,29,1,0
43,98,58,67,22,2,0
48,70,60,77,81,4,1
62,93,33,70,90,3,1
44,43,95,88,80,3,1
79,62,54,96,23,5,0
84,35,87,95,80,4,1
47,67,59,56,27,2,0
35,44,37,61,32,5,0
66,44,70,85,31,1,0
100,45,80,39,54,5,1
77,81,33,69,73,4,1
95,74,60,46,70,6,1
46,98,27,87,62,4,0
72,50,43,35,85,3,0
61,54,52,68,34,1,0
78,97,47,47,68,3,1
66,55,31,71,53,2,0
53,66,100,33,58,2,0
56,92,38,49,45,0,0
25,85,70,57,88,4,1
26,85,39,69,67,1,0
44,94,91,94,70,1,1
52,92,39,73,23,3,0
74,41,75,52,46,5,0
77,43,32,86,61,5,0
26,75,93,76,75,3,1
76,94,86,42,88,6,1
31,87,75,45,37,5,0
35,99,87,84,80,1,1
99,54,92,94,23,3,1
62,49,40,45,20,5,0
96,99,48,66,69,0,1
26,95,30,81,89,4,0
70,50,81,39,39,0,0
92,80,55,67,39,5,1
51,46,30,73,65,2,0
94,43,53,83,46,1,0
27,55,91,80,45,0,0
91,50,99,81,51,0,1
64,66,27,99,29,3,0
78,65,52,88,31,3,0
23,47,98,42,93,3,0
86,71,72,70,43,5,1
48,37,34,41,70,6,0
48,90,57,79,57,6,1
47,90,91,86,65,2,1
96,40,93,79,27,0,0
98,97,36,86,74,4,1
63,52,81,83,97,3,1
23,59,68,95,50,2,0
28,65,37,37,35,5,0
24,55,48,92,39,2,0
75,56,68,38,57,3,0
69,78,81,89,34,1,1
94,96,40,92,97,0,1
34,83,45,32,95,3,0
51,65,100,42,53,4,0
47,90,75,38,91,0,1
41,78,45,81,38,2,0
36,64,84,91,88,6,1
78,52,75,37,82,4,1
90,61,45,74,96,0,1
76,89,30,82,51,4,0
45,98,97,92,56,2,1
44,79,89,86,85,3,1
29,28,100,83,26,6,0
64,34,82,48,67,4,0
30,71,30,96,30,3,0
96,99,89,75,94,6,1
72,38,58,39,50,2,0
91,62,80,47,63,6,1
87,36,99,41,64,2,1
47,69,27,78,91,4,0
94,41,66,52,75,4,1
84,59,86,91,51,2,1
68,90,30,40,40,4,0
66,99,30,85,50,4,1
71,65,87,84,20,4,0
73,91,44,54,96,5,1
79,53,45,38,30,4,0
76,42,26,41,87,0,0
66,44,80,40,55,2,0
50,38,34,67,98,2,0
65,58,94,57,78,1,1
45,73,47,37,86,3,0
24,78,54,76,75,1,0
71,55,61,65,70,4,0
94,82,79,79,48,4,1
73,66,73,38,21,6,0
52,82,58,89,25,0,0
69,54,68,96,50,0,0
57,49,46,82,73,0,0
46,87,55,46,59,0,0
34,43,31,82,36,0,0
80,96,45,57,24,0,0
40,32,40,92,21,0,0
65,27,44,44,77,0,0
88,91,67,48,31,6,1
25,41,68,99,24,5,0
57,38,71,76,79,0,0
81,33,43,100,60,2,0
81,86,72,77,39,0,1
97,45,93,49,91,3,1
93,100,35,66,20,0,0
65,61,53,31,75,5,0
32,35,69,93,89,6,0
22,44,92,65,75,4,0
25,59,60,34,73,5,0
27,77,72,93,30,5,0
63,71,39,36,22,4,0
52,99,68,99,47,0,1
100,76,91,51,24,6,1
94,32,98,75,35,6,1
96,28,64,69,50,0,0
69,51,38,90,47,4,0
30,68,87,75,26,3,0
47,64,75,57,28,1,0
89,71,82,64,58,2,1
60,68,39,30,62,4,0
35,72,89,58,46,0,0
87,76,79,38,95,2,1
67,92,100,38,52,0,1
75,35,34,51,75,1,0
83,97,66,92,21,1,1
78,28,35,95,33,4,0
81,100,40,87,32,2,1
95,97,97,99,43,5,1
30,72,43,84,88,6,0
37,50,55,42,53,6,0
38,63,97,48,38,2,0
74,82,77,62,49,5,1
45,43,32,94,68,1,0
25,82,48,89,62,0,0
23,52,32,41,35,6,0
48,90,72,72,71,5,1
78,34,54,46,68,5,0
36,82,82,97,30,4,0
62,97,79,58,97,3,1
99,38,97,84,66,1,1
85,39,86,36,98,5,1
53,57,72,73,54,1,0
27,41,28,34,90,4,0
32,48,61,89,48,0,0
27,54,32,35,73,2,0
84,86,25,36,42,1,0
62,37,94,75,43,4,0
58,86,71,86,29,4,1
100,71,99,83,80,4,1
78,40,29,75,27,6,0
63,90,74,39,67,6,1
28,67,48,33,95,6,0
56,32,71,96,48,2,0
93,27,42,54,45,6,0
55,36,52,90,56,1,0
47,40,29,67,71,5,0
61,83,54,61,57,4,0
62,73,25,52,25,2,0
61,87,70,66,27,6,0
85,86,93,32,36,0,0
74,73,55,42,95,3,1
91,75,94,63,81,1,1
67,57,80,94,97,2,1
41,54,52,37,53,3,0
46,83,40,38,38,3,0
86,100,78,57,89,6,1
32,39,77,47,56,2,0
64,47,36,71,57,5,0
29,69,44,70,34,5,0
28,86,58,99,59,2,0
73,95,77,62,28,2,1
46,39,88,83,72,4,0
53,70,47,65,89,0,0
20,88,51,85,85,5,1
51,70,41,46,99,4,0
90,80,72,39,71,3,1
86,68,45,73,20,3,0
39,99,74,31,49,3,0
54,53,64,43,20,2,0
97,86,27,70,58,1,0
36,76,41,31,35,4,0
37,78,85,48,36,1,0
64,81,74,30,41,6,0
72,90,30,31,50,0,0
87,46,52,56,59,0,0
84,44,96,31,46,4,0
20,57,79,80,55,3,0
77,96,82,39,23,6,1
45,49,69,48,88,5,0
39,70,96,42,44,0,0
29,97,43,77,97,1,1
78,81,53,85,49,1,1
94,29,47,85,66,5,0
60,79,56,79,31,2,0
24,85,34,74,46,3,0
84,32,73,88,64,2,1
36,40,89,68,82,4,0
41,72,53,50,74,0,0
60,85,83,84,49,5,1
87,39,69,86,33,5,0
88,89,91,70,75,5,1
30,46,75,99,38,2,0
75,27,35,78,45,2,0
70,78,30,73,90,4,1
40,38,91,64,57,1,0
95,60,86,34,88,1,1
45,91,29,100,55,6,0
38,34,33,80,37,4,0
79,73,52,86,76,5,1
90,89,62,87,97,1,1
66,81,67,65,42,4,0
90,51,45,39,33,1,0
45,99,86,79,88,6,1
59,29,70,66,41,4,0
24,95,94,49,47,1,0
40,81,62,42,62,5,0
97,39,73,48,95,2,1
23,100,99,85,37,2,1
42,54,63,74,96,6,1
34,44,95,89,55,5,0
27,61,54,97,26,1,0
60,27,45,86,42,5,0
38,97,25,83,53,4,0
65,65,56,66,40,2,0
47,63,32,66,89,0,0
87,50,93,43,99,6,1
34,26,54,73,66,1,0
56,47,32,71,72,0,0
20,47,43,30,60,0,0
86,40,83,52,94,6,1
43,33,79,93,51,3,0
46,37,54,57,33,0,0
59,52,60,33,36,0,0
82,51,79,70,44,5,1
80,75,68,89,83,3,1
55,88,51,47,92,3,1
43,76,78,92,67,3,1
43,62,72,90,54,6,0
23,89,54,78,56,4,0
86,42,63,76,74,3,1
53,87,37,68,36,5,0
76,75,40,35,47,4,0
68,33,68,82,20,1,0
72,37,95,54,72,4,1
42,64,51,94,92,1,0
88,79,69,34,74,3,1
72,67,59,94,80,3,1
81,68,52,37,32,1,0
60,92,31,68,66,2,0
76,57,86,72,83,5,1
79,48,75,34,51,4,0
73,60,70,33,47,5,0
89,34,44,30,72,5,0
76,44,62,85,50,0,0
29,99,85,74,27,3,0
59,36,56,94,91,4,1
26,86,50,32,93,5,0
57,42,82,51,44,4,0
80,87,63,85,52,5,1
22,49,44,47,87,3,0
70,36,74,54,26,5,0
66,45,76,77,85,1,1
87,49,46,60,65,3,0
95,35,77,59,24,4,0
57,88,90,95,36,6,1
55,97,67,39,95,2,1
60,74,47,100,71,5,1
88,86,88,88,31,1,1
32,73,33,80,81,3,0
77,38,31,38,54,0,0
69,25,65,83,81,6,1
49,49,78,91,40,6,0
81,83,89,38,85,3,1
44,96,26,38,72,6,0
46,93,28,53,40,4,0
70,29,56,68,34,4,0
97,43,26,37,94,0,0
76,47,88,54,93,1,1
66,33,38,95,42,4,0
58,74,44,39,50,1,0
35,40,73,53,73,1,0
41,57,32,88,74,3,0
73,26,87,60,45,1,0
40,38,70,40,72,5,0
91,25,45,35,85,4,0
35,82,56,99,58,4,0
78,40,32,61,26,2,0
50,71,40,68,58,6,0
61,68,64,77,51,1,0
93,38,51,42,45,2,0
51,48,42,88,97,3,0
78,79,59,96,48,2,1
53,39,76,85,44,6,0
28,96,39,70,75,1,0
100,58,87,85,50,6,1
30,26,77,64,85,4,0
29,51,90,67,21,3,0
36,98,55,96,66,1,1
87,96,85,63,94,3,1
67,47,88,99,48,0,0
71,92,58,40,68,1,0
44,38,79,56,92,0,0
40,87,83,77,51,2,1
84,89,27,53,49,1,0
82,92,41,47,34,0,0
70,87,70,56,81,5,1
55,88,62,83,97,4,1
100,56,59,84,36,2,0
85,37,25,50,41,1,0
34,90,53,88,49,1,0
58,43,28,63,100,4,0
89,48,85,87,35,4,1
20,35,41,77,71,6,0
42,83,52,83,27,0,0
58,39,74,47,83,0,0
76,34,32,32,58,0,0
100,65,58,53,50,6,1
53,51,83,30,31,3,0
60,84,42,35,52,2,0
92,97,83,48,77,1,1
32,76,51,72,31,2,0
89,52,40,37,44,4,0
25,89,34,98,57,5,0
71,41,100,81,67,2,1
22,68,46,76,74,2,0
100,34,40,57,22,0,0
82,87,36,75,88,4,1
68,71,99,33,54,2,1
95,62,75,37,70,1,1
66,94,25,90,46,0,0
74,100,51,46,56,6,1
83,77,91,63,35,2,1
84,68,36,49,44,4,0
100,98,54,63,52,5,1
86,78,33,72,81,1,1
34,44,77,39,36,5,0
51,55,85,59,62,4,0
87,31,78,54,49,4,0
37,82,61,86,60,4,0
62,34,89,92,23,5,0
54,34,66,100,85,3,1
97,63,73,76,79,1,1
77,52,28,32,28,4,0
52,54,88,75,50,3,0
33,61,75,65,88,0,0
53,91,96,55,43,3,1
80,67,84,39,43,0,0
23,76,55,63,64,5,0
78,80,96,37,56,6,1
48,100,82,84,77,6,1
25,92,28,39,42,3,0
68,33,46,86,54,5,0
59,47,27,74,82,4,0
84,87,71,79,25,3,1
88,85,62,93,25,3,1
46,64,57,31,49,4,0
99,68,72,74,20,0,0
25,48,89,91,82,4,1
32,75,50,43,27,1,0
83,82,32,44,47,6,0
81,57,74,43,52,6,0
38,40,62,60,72,3,0
95,46,34,58,57,1,0
99,81,66,56,71,4,1
62,86,61,38,97,6,1
93,95,50,49,30,5,1
39,96,36,87,21,4,0
87,94,73,78,72,2,1
63,54,38,86,87,1,0
42,47,70,45,96,6,0
21,56,59,37,26,2,0
41,81,53,96,86,1,1
76,33,36,48,28,5,0
91,55,68,96,97,2,1
26,95,90,65,82,2,1
97,33,26,89,30,1,0
75,37,83,65,56,4,0
86,82,41,40,33,0,0
35,27,34,80,38,4,0
70,59,42,84,27,0,0
99,45,46,83,26,1,0
91,88,82,46,78,3,1
31,76,77,91,82,4,1
72,58,25,71,26,2,0
94,59,85,53,74,4,1
24,39,55,46,22,1,0
46,30,55,77,86,3,0
31,56,90,99,37,3,0
36,76,43,36,64,4,0
25,52,77,43,55,4,0
24,88,100,40,35,5,0
76,43,98,41,98,4,1
47,39,46,34,48,1,0
97,30,47,34,78,0,0
88,97,39,49,37,5,0
78,62,50,83,68,0,0
52,50,27,84,65,2,0
81,75,44,87,48,6,1
69,97,64,59,89,1,1
38,77,63,53,69,5,0
88,80,96,32,74,3,1
85,83,42,77,46,5,1
66,94,65,100,26,2,1
58,82,94,51,100,3,1
87,37,51,43,60,5,0
52,67,39,77,30,3,0
32,100,61,58,24,4,0
73,75,82,79,85,3,1
26,43,29,39,75,5,0
98,45,97,100,31,3,1
33,48,31,56,61,1,0
38,50,65,57,94,4,0
73,69,34,38,29,4,0
39,52,86,100,47,2,0
48,53,50,55,26,4,0
43,41,92,37,33,0,0
82,92,48,31,96,1,1
93,68,65,86,88,2,1
76,85,89,81,80,0,1
27,92,41,87,70,3,0
81,98,48,32,61,6,1
48,49,51,37,27,0,0
93,91,31,88,69,2,1
36,26,97,31,20,4,0
85,73,36,91,88,1,1
25,94,27,78,30,6,0
77,50,34,49,67,2,0
88,96,57,58,29,0,0
47,51,70,46,34,6,0
81,42,83,51,66,0,0
60,78,76,35,44,2,0
88,25,30,91,25,6,0
60,85,26,60,30,5,0
68,27,53,91,36,5,0
68,92,64,41,34,2,0
95,65,85,41,35,5,1
90,61,92,92,75,2,1
22,75,92,45,85,4,0
29,39,53,54,55,6,0
54,32,86,51,57,2,0
99,62,84,47,94,3,1
21,80,65,74,22,1,0
43,71,89,97,37,1,0
93,34,88,41,98,3,1
57,73,87,78,73,0,1
41,65,72,62,98,0,0
45,54,44,92,36,0,0
62,29,61,47,32,6,0
74,95,88,83,82,0,1
58,55,29,56,33,4,0
48,76,58,54,78,3,0
39,47,63,63,55,1,0
60,72,91,89,37,3,1
73,64,86,83,24,1,0
39,30,48,34,33,0,0
38,62,27,65,44,4,0
85,65,95,83,63,2,1
49,51,91,65,58,2,0
72,99,74,98,31,5,1
53,93,53,68,80,0,1
41,81,98,99,81,0,1
86,41,56,33,72,3,0
25,95,63,94,72,4,1
98,71,33,69,47,4,0
46,37,38,66,54,3,0
29,35,92,96,84,4,1
92,48,88,60,22,6,0
67,97,44,76,62,6,1
89,28,52,56,69,4,0
78,70,38,80,90,6,1
78,42,68,49,28,2,0
21,67,63,42,55,4,0
48,57,52,92,42,6,0
87,34,88,73,93,0,1
84,97,56,53,69,2,1
45,83,33,32,74,0,0
29,55,52,39,31,0,0
72,52,41,94,51,6,0
98,84,79,78,43,6,1
78,27,34,87,86,3,0
41,79,30,31,46,5,0
70,38,72,95,80,4,1
67,82,99,60,38,4,1
40,39,91,97,92,4,1
41,26,65,66,70,4,0
49,48,84,53,83,6,1
44,88,66,73,96,2,1
47,95,95,70,21,1,0
84,48,52,80,55,0,0
64,51,37,71,30,5,0
87,61,39,69,87,5,1
26,63,60,77,87,1,0
68,87,39,33,83,1,0
28,50,99,89,20,1,0
55,89,80,68,45,6,1
20,28,28,34,30,2,0
29,53,76,35,21,1,0
55,25,34,43,59,2,0
92,74,69,99,23,6,1
65,35,53,41,99,3,0
51,98,77,91,56,3,1
51,83,53,56,80,5,1
25,86,47,83,24,3,0
67,60,81,41,34,2,0
57,80,74,37,86,2,1
36,45,45,45,45,0,0
93,37,67,81,25,1,0
46,33,34,55,63,4,0
73,35,100,37,77,4,1
69,99,54,74,100,1,1
54,94,75,48,65,4,1
44,25,57,46,61,4,0
47,94,42,94,67,6,1
34,80,46,58,46,4,0
23,55,88,43,39,5,0
92,61,45,46,89,2,1
46,71,25,42,54,2,0
45,71,39,92,95,2,1
38,93,60,62,67,1,0
36,82,71,58,86,3,1
62,60,78,66,87,5,1
60,56,56,75,71,5,0
61,88,82,53,87,4,1
69,95,70,43,23,0,0
59,66,78,34,58,2,0
58,72,57,82,40,6,0
42,98,63,59,85,5,1
71,54,47,89,35,5,0
66,45,67,57,26,0,0
82,84,79,55,28,4,1
88,37,26,47,36,5,0
62,25,90,65,31,5,0
67,89,62,37,76,3,1
53,57,53,47,64,0,0
59,62,91,87,30,6,1
94,49,95,61,32,6,1
80,50,60,78,50,4,0
69,83,53,77,96,4,1
86,57,61,100,45,2,1
81,65,69,94,82,3,1
77,54,40,62,50,4,0
52,81,55,79,41,3,0
94,73,58,33,25,2,0
35,72,74,65,39,6,0
67,96,89,57,29,0,0
29,73,86,32,54,5,0
57,71,67,35,45,5,0
38,80,80,74,90,1,1
55,89,39,52,56,1,0
78,36,72,36,27,1,0
82,93,73,90,24,5,1
96,30,68,94,63,3,1
65,89,34,35,86,1,0
22,49,44,53,91,0,0
93,25,94,66,98,4,1
84,56,32,74,68,3,0
27,27,69,80,55,5,0
70,73,58,74,99,0,1
100,43,75,92,45,6,1
92,84,28,58,64,5,1
25,53,63,54,80,3,0
58,74,48,39,63,3,0
79,26,79,64,23,3,0
47,97,50,84,95,2,1
73,80,49,54,100,4,1
56,41,60,74,77,1,0
28,84,95,41,45,2,0
75,60,98,33,98,4,1
78,85,82,96,48,5,1
21,41,36,46,28,1,0
80,73,25,94,97,6,1
77,100,74,82,55,2,1
79,84,49,86,23,2,0
59,44,29,57,78,0,0
55,74,92,45,56,6,1
56,27,30,50,100,6,0
98,67,50,71,32,2,0
37,81,79,83,39,3,0
82,74,63,61,36,5,0
41,92,33,67,70,6,0
30,74,69,99,74,2,1
77,61,38,67,52,3,0
76,70,79,83,40,4,1
96,66,33,89,100,4,1
23,39,39,76,41,6,0
26,57,61,41,44,3,0
80,35,74,82,86,0,1
73,44,96,62,31,0,0
87,48,45,57,34,4,0
98,88,81,32,21,5,1
20,89,43,55,23,2,0
74,97,82,83,64,6,1
22,100,30,69,32,6,0
97,41,28,95,74,4,1
57,85,67,97,51,4,1
20,39,66,76,41,3,0
57,75,27,31,74,0,0
48,51,25,71,36,5,0
24,98,79,63,89,3,1
93,85,39,50,70,4,1
40,82,71,73,99,1,1
90,55,70,31,27,2,0
86,36,82,88,80,4,1
66,70,95,45,29,3,0
54,55,63,49,38,1,0
87,56,27,55,33,1,0
88,56,54,45,86,4,1
20,77,59,99,74,5,1
87,85,81,52,80,0,1
31,70,53,71,75,1,0
79,98,74,66,82,6,1
46,31,86,35,30,2,0
75,28,76,66,66,3,0
42,76,38,51,25,3,0
44,55,59,35,53,3,0
40,99,52,61,84,6,1
80,60,82,46,83,4,1
82,78,54,67,97,3,1
71,78,31,46,100,6,1
44,41,63,66,85,3,0
74,99,93,52,50,2,1
65,54,59,78,81,6,1
51,46,76,90,73,0,0
74,67,38,78,27,5,0
24,51,87,90,61,4,0
55,61,60,61,60,4,0
68,70,48,92,78,3,1
77,59,64,36,59,2,0
58,28,53,51,41,1,0
99,50,77,35,43,6,0
80,43,46,90,57,3,0
28,69,96,43,21,6,0
25,50,39,45,60,3,0
54,46,93,32,38,4,0
58,82,88,38,21,4,0
41,87,28,76,81,3,0
60,52,99,71,35,4,0
24,89,42,71,41,2,0
61,68,66,52,33,1,0
100,67,54,32,75,1,0
95,61,39,30,84,6,1
99,90,94,96,64,1,1
86,41,79,100,73,6,1
49,64,77,32,85,3,0
76,62,40,78,65,5,0
92,85,97,96,52,3,1
48,33,58,84,98,3,0
56,99,51,33,69,2,0
32,85,37,60,41,1,0
51,40,51,95,59,4,0
65,26,97,93,58,4,1
42,96,93,60,60,0,1
64,67,55,92,94,0,1
36,66,27,95,87,6,0
85,81,54,60,26,5,0
25,91,45,76,90,6,1
37,54,30,51,23,4,0
41,37,56,75,95,1,0
52,43,66,87,78,6,1
49,31,86,90,100,3,1
100,33,56,75,45,4,0
51,78,63,30,50,5,0
61,85,88,54,92,5,1
97,26,54,90,88,4,1
29,74,87,43,71,0,0
55,99,55,74,91,1,1
53,55,64,68,40,4,0
92,57,57,95,35,3,0
47,35,87,61,70,3,0
30,57,49,87,35,2,0
97,31,60,85,37,3,0
58,55,48,35,66,4,0
66,72,82,96,75,4,1
38,71,63,79,47,3,0
34,77,70,67,97,0,1
47,43,34,32,75,1,0
43,30,56,34,56,5,0
91,73,60,53,35,4,0
28,97,52,83,84,3,1
66,74,40,63,79,5,1
52,36,40,68,80,3,0
81,47,42,77,30,4,0
38,78,32,78,94,2,0
86,93,99,63,85,1,1
93,83,94,36,51,4,1
59,60,25,47,38,5,0
66,27,86,99,75,3,1
84,82,100,63,24,2,1
48,79,62,80,22,6,0
69,81,69,97,47,4,1
32,41,82,43,91,1,0
20,63,25,98,48,2,0
53,92,56,37,96,5,1
67,79,32,44,78,3,0
96,69,64,88,44,0,1
67,100,80,40,41,6,1
68,25,87,49,90,6,1
83,45,98,84,42,1,1
80,45,98,65,89,2,1
48,76,60,43,98,4,1
58,67,81,87,98,4,1
45,76,98,67,59,2,1
36,91,69,30,33,4,0
90,68,26,94,48,6,1
32,56,92,30,35,6,0
88,34,74,89,29,6,0
45,88,53,54,66,2,0
68,93,34,39,23,1,0
86,92,51,79,31,6,1
26,52,39,41,61,4,0
77,77,84,61,23,1,0
68,75,55,62,25,3,0
72,77,45,55,33,3,0
84,28,84,71,54,3,0
81,41,82,79,66,3,1
36,91,65,90,77,4,1
62,98,70,70,84,2,1
44,71,69,86,38,4,0
22,80,50,31,76,5,0
98,47,75,99,84,4,1
48,42,60,60,32,1,0
51,25,76,52,27,2,0
45,59,75,83,37,6,0
35,88,27,57,54,0,0
44,82,38,48,45,0,0
73,83,73,77,57,6,1
47,25,25,31,85,2,0
92,27,81,40,45,0,0
75,91,41,73,76,2,1
84,61,74,88,44,1,1
99,53,38,88,49,1,0
60,57,83,67,26,4,0
70,85,27,54,46,0,0
90,28,64,50,30,6,0
97,38,90,71,27,2,0
48,57,58,65,30,1,0
38,46,33,38,49,4,0
85,72,45,41,34,0,0
60,27,49,39,75,0,0
64,47,68,88,54,0,0
34,92,49,34,58,1,0
22,45,33,62,43,1,0
30,67,86,98,27,0,0
72,50,50,92,62,1,0
65,65,81,58,61,0,0
49,62,61,47,60,3,0
76,35,40,35,66,1,0
37,53,61,82,45,2,0
70,84,100,61,71,1,1
67,91,48,71,41,0,0
85,89,50,76,24,2,0
27,85,44,60,34,4,0
41,43,33,91,55,2,0
25,70,53,85,82,2,0
95,73,55,40,98,1,1
76,46,43,55,68,5,0
55,81,44,56,74,2,0
98,38,51,86,91,2,1
76,68,68,56,79,6,1
68,40,59,88,76,0,0
64,36,95,91,48,1,0
85,79,46,49,38,0,0
96,75,98,32,92,1,1
64,63,39,45,29,4,0
98,57,37,73,29,5,0
39,57,28,59,76,2,0
83,53,80,69,73,6,1
86,93,47,94,75,1,1
22,94,58,58,87,2,0
73,55,41,59,88,2,0
97,55,52,61,74,3,1
83,70,38,39,88,0,0
59,76,58,80,91,5,1
78,34,99,37,100,6,1
74,98,81,80,20,1,1
81,65,79,65,31,4,0
23,27,90,84,54,5,0
79,83,61,64,97,3,1
94,76,92,65,93,0,1
49,58,100,85,98,4,1
21,73,50,65,52,4,0
81,52,85,90,44,2,1
68,37,91,91,35,0,0
28,93,98,54,27,3,0
50,91,76,93,54,1,1
80,85,42,89,65,1,1
98,84,77,86,30,3,1
67,95,87,99,80,2,1
44,48,77,81,63,2,0
55,87,51,85,30,4,0
27,85,55,92,30,0,0
92,47,25,97,41,4,0
77,54,30,49,81,6,0
64,84,35,83,67,6,1
81,42,58,30,82,1,0
58,80,87,39,70,3,1
77,77,77,52,64,0,1
100,31,42,80,52,3,0
83,93,45,53,79,0,1
63,96,43,42,21,5,0
48,76,28,58,32,1,0
78,28,53,87,85,1,0
90,58,49,72,76,5,1
28,93,80,39,62,0,0
25,57,87,60,64,2,0
48,93,51,43,50,0,0
77,62,84,63,29,1,0
36,50,73,46,42,6,0
35,25,89,50,48,3,0
22,28,62,96,50,4,0
40,63,76,87,97,3,1
83,78,25,37,93,1,0
55,57,64,67,37,3,0
81,57,45,55,30,2,0
61,96,39,93,66,2,1
95,44,74,59,22,6,0
61,40,72,38,21,0,0
80,45,56,61,73,3,0
32,69,73,40,91,3,0
30,86,92,63,50,1,0
73,55,69,47,27,0,0
35,66,56,48,62,0,0
27,36,28,83,67,3,0
78,89,89,66,21,4,1
76,97,95,41,41,3,1
59,27,97,33,24,3,0
78,33,89,72,26,3,0
21,75,42,56,39,2,0
95,40,78,80,96,5,1
29,27,71,34,21,0,0
63,48,30,35,51,5,0
30,97,90,85,22,2,0
98,37,33,97,60,4,0
99,26,92,73,61,1,1
100,95,47,44,96,6,1
21,45,67,71,64,4,0
69,43,75,40,90,0,0
31,71,96,40,36,1,0
42,46,49,95,66,5,0
37,99,59,56,88,4,1
81,57,41,87,43,0,0
81,56,42,50,90,6,1
57,88,51,50,53,6,0
86,63,39,30,69,4,0
57,96,93,87,61,1,1
86,66,39,42,52,1,0
80,33,66,35,46,4,0
20,49,58,87,97,2,0
64,26,72,46,78,4,0
47,43,32,41,38,5,0
40,44,34,81,95,4,0
32,94,29,99,22,4,0
46,41,72,81,90,2,0
26,92,50,66,44,3,0
41,27,47,32,34,1,0
93,75,86,37,79,5,1
72,50,37,39,42,0,0
98,80,33,76,30,1,0
98,88,44,70,78,1,1
23,32,81,93,53,3,0
42,61,48,71,26,1,0
89,51,57,72,63,1,0
95,69,44,38,83,2,1
52,28,84,43,42,2,0
47,61,72,33,77,2,0
27,95,88,31,39,2,0
20,57,54,30,46,2,0
56,55,97,94,79,5,1
82,79,41,75,27,0,0
41,36,38,88,86,3,0
89,35,43,36,21,4,0
40,96,95,95,41,6,1
54,56,83,44,89,5,1
98,81,91,76,55,2,1
24,62,68,69,43,3,0
79,84,56,71,31,4,0
65,43,35,80,100,1,0
69,80,26,64,41,5,0
67,38,92,70,92,1,1
25,57,41,86,95,3,0
75,34,64,67,100,0,0
78,88,70,37,42,0,0
48,88,28,92,93,3,1
90,86,62,33,82,6,1
96,92,87,77,49,6,1
37,67,53,81,38,0,0
21,83,43,67,45,6,0
27,76,53,34,30,0,0
94,43,59,99,39,1,0
73,45,94,53,75,6,1
57,46,47,46,64,0,0
67,33,70,55,87,0,0
46,33,68,32,66,3,0
39,97,72,31,95,0,1
31,51,76,31,77,6,0
62,41,32,51,29,6,0
80,68,79,100,41,5,1
50,69,90,33,90,2,1
80,32,64,67,43,2,0
93,42,55,99,85,3,1
86,57,72,81,80,2,1
54,25,85,60,26,1,0
34,100,76,55,91,5,1
35,30,62,65,57,5,0
32,65,60,55,40,3,0
54,79,79,57,27,6,0
94,29,37,34,47,0,0
78,83,61,47,73,2,1
40,42,71,44,50,1,0
73,73,95,86,60,6,1
94,89,46,34,56,3,0
49,78,63,66,57,6,0
67,85,82,51,70,3,1
54,32,54,81,95,0,0
57,27,42,44,56,4,0
50,49,42,46,50,2,0
97,93,98,80,81,1,1
43,79,63,74,37,3,0
68,64,50,92,25,6,0
51,74,95,57,28,2,0
74,57,31,88,30,6,0
98,42,93,50,21,1,0
77,81,89,71,48,5,1
22,40,70,98,70,5,0
99,62,42,46,88,1,1
88,65,37,97,42,5,1
29,31,49,36,26,3,0
44,77,32,69,75,2,0
87,87,98,69,96,1,1
80,56,56,72,81,3,1
48,62,41,80,93,2,0
38,46,72,52,99,2,0
62,40,87,61,34,3,0
85,76,64,60,72,2,1
93,53,39,46,62,4,0
80,40,30,87,54,1,0
62,100,87,64,98,1,1
44,41,32,59,33,2,0
39,88,56,93,88,3,1
67,37,69,82,68,0,0
43,96,76,80,37,5,1
30,80,37,66,70,2,0
74,29,48,35,20,0,0
47,36,64,63,46,2,0
88,65,38,85,83,0,1
82,27,99,54,79,2,1
78,57,94,42,60,3,1
24,74,86,92,40,5,0
70,80,85,95,33,6,1
40,33,25,34,39,6,0
31,74,90,40,30,0,0
69,53,56,73,85,4,1
23,63,37,98,43,3,0
61,69,57,31,56,5,0
57,41,56,69,43,2,0
44,80,80,66,34,0,0
33,70,48,78,31,5,0
94,91,28,65,83,1,1
51,93,47,99,50,3,1
30,38,53,63,72,0,0
80,91,45,87,91,3,1
37,47,54,66,63,0,0
46,85,44,89,49,6,0
74,47,40,41,54,1,0
73,51,91,61,40,4,0
94,78,73,33,82,1,1
40,34,82,62,36,2,0
63,40,68,72,31,3,0
24,65,49,38,37,4,0
60,79,47,80,79,3,1
78,85,83,49,86,5,1
73,73,25,68,34,0,0
93,97,39,52,35,2,0
41,76,76,70,41,2,0
84,26,82,73,82,3,1
83,74,65,64,50,6,1
90,67,68,52,20,2,0
23,32,28,87,94,3,0
84,83,92,77,25,0,1
34,89,31,87,28,0,0
95,36,70,86,71,3,1
41,28,33,68,99,1,0
66,65,57,57,81,1,0
100,31,57,93,77,0,1
65,93,28,91,38,4,0
33,93,89,91,32,1,0
69,54,58,55,51,3,0
39,97,88,80,28,0,0
69,30,49,79,68,2,0
52,43,79,65,56,2,0
78,90,33,55,50,6,0
62,34,41,62,50,1,0
98,40,45,97,78,4,1
31,61,84,37,74,5,0
59,56,37,95,38,1,0
39,71,27,52,82,4,0
57,96,92,99,21,1,1
22,67,28,84,64,2,0
47,60,31,72,62,4,0
75,50,50,50,20,2,0
32,34,99,51,80,6,0
96,55,48,38,22,3,0
85,53,34,63,63,3,0
56,29,37,88,26,0,0
68,25,68,55,52,2,0
85,27,63,30,28,2,0
55,91,43,34,49,6,0
73,95,75,70,37,0,1
45,59,43,92,75,3,0
94,39,100,51,50,3,1
91,91,76,97,91,4,1
59,54,71,77,82,4,1
62,99,54,95,69,5,1
41,67,70,45,20,6,0
39,84,100,82,38,3,1
27,64,45,94,83,5,0
48,89,99,93,72,1,1
59,53,72,97,25,2,0
49,98,86,92,36,4,1
100,43,82,91,65,1,1
74,27,42,100,91,4,1
35,60,83,74,92,0,1
65,67,72,81,74,2,1
81,39,87,94,25,5,0
26,65,36,31,89,5,0
99,60,58,78,87,4,1
64,57,85,51,59,3,0
78,29,77,58,85,6,1
75,38,49,64,28,5,0
67,92,86,53,30,0,0
46,71,28,59,39,0,0
72,78,37,71,62,3,0
92,28,66,100,77,0,1
54,33,73,79,97,6,1
70,77,80,100,45,2,1
56,84,71,89,57,4,1
100,70,32,59,55,0,0
76,78,79,41,74,2,1
27,98,42,78,25,3,0
98,61,59,75,22,4,0
39,47,56,72,84,3,0
72,51,48,31,83,4,0
31,94,31,83,77,6,0
68,90,37,64,77,0,0
36,85,93,81,37,0,0
83,75,66,62,42,4,1
61,74,55,80,48,2,0
48,43,98,55,42,2,0
38,25,50,91,55,2,0
30,64,100,90,89,1,1
69,56,56,55,100,5,1
90,46,76,66,25,5,0
77,90,44,59,53,5,1
53,64,64,40,63,2,0
39,62,83,82,63,0,0
69,72,38,70,46,6,0
29,79,68,34,71,1,0
51,99,72,95,61,2,1
71,79,67,42,44,0,0
34,75,40,92,93,1,0
22,84,59,54,58,0,0
56,32,77,73,58,4,0
59,92,58,43,31,0,0
91,99,27,98,30,1,0
59,96,92,88,22,2,1
75,33,29,85,41,5,0
42,26,34,81,23,1,0
30,94,76,95,27,2,0
83,83,53,97,33,2,1
27,43,55,41,33,6,0
75,52,90,97,35,3,1
79,96,100,72,51,6,1
29,38,93,35,83,4,0
58,48,61,44,95,3,0
47,68,51,71,35,5,0
68,80,57,60,71,1,1
55,75,92,82,38,3,1
32,56,83,35,88,5,0
55,74,88,62,31,2,0
45,65,68,58,24,1,0
23,90,73,50,61,3,0
83,49,77,83,36,0,0
57,85,98,85,91,5,1
41,90,73,50,29,5,0
21,66,90,84,35,4,0
50,89,87,87,35,0,1
30,60,49,93,61,1,0
65,100,28,75,22,3,0
81,33,75,51,42,2,0
88,60,35,89,47,3,0
83,62,41,40,64,6,0
29,57,90,76,87,1,0
59,66,94,60,43,1,0
43,85,97,47,38,1,0
63,70,93,51,94,1,1
79,85,53,85,59,6,1
81,42,97,46,65,5,1
36,94,96,67,59,3,1
84,39,44,54,81,0,0
76,72,51,61,37,2,0
74,96,32,44,31,2,0
72,37,85,42,33,4,0
75,67,52,87,80,5,1
28,84,94,79,31,1,0
41,81,27,40,46,1,0
32,95,93,42,25,1,0
67,41,97,79,52,5,1
37,74,31,67,99,0,0
95,56,84,30,69,1,1
59,46,28,68,31,4,0
36,79,29,56,76,4,0
34,81,35,65,72,0,0
34,37,39,61,32,5,0
98,71,88,70,91,1,1
82,86,37,44,22,6,0
58,78,31,60,83,3,0
32,53,30,35,77,3,0
100,46,80,81,23,2,0
51,89,88,51,64,0,1
28,53,74,60,85,3,0
59,72,54,75,55,2,0
39,29,46,96,42,4,0
96,59,49,72,38,2,0
99,98,52,30,59,1,1
92,95,63,73,91,1,1
82,70,91,86,35,4,1
95,59,29,38,77,0,0
63,69,89,34,37,5,0
57,37,39,38,55,1,0
79,34,91,74,43,1,0
90,90,64,53,20,2,0
67,94,93,71,20,2,1
37,96,67,51,83,2,1
35,49,25,89,81,3,0
74,68,46,66,55,6,0
58,84,86,68,94,4,1
87,71,50,82,37,0,0
78,64,42,57,35,2,0
81,31,72,44,36,0,0
32,70,33,89,43,6,0
100,47,25,89,87,2,1
25,70,33,35,98,1,0
96,37,47,81,21,6,0
79,45,69,41,92,0,0
33,25,26,48,29,3,0
73,43,38,31,72,2,0
23,84,62,84,70,5,0
58,57,64,44,88,4,0
91,28,87,93,33,1,0
44,27,40,98,85,6,0
96,76,99,44,72,6,1
51,52,30,72,83,2,0
78,94,27,46,91,6,1
82,94,38,53,68,0,0
57,79,90,59,81,2,1
72,81,99,96,56,1,1
86,40,91,80,68,4,1
47,48,55,89,87,4,0
22,93,57,32,52,4,0
99,65,25,34,41,5,0
41,71,68,57,89,1,0
57,100,39,40,52,5,0
91,93,61,44,47,5,1
91,55,51,77,23,6,0
81,54,72,75,85,2,1
76,42,51,57,96,1,0
25,68,36,36,68,1,0
97,51,91,100,30,6,1
51,50,54,35,54,2,0
29,84,90,87,58,3,1
22,42,31,97,29,5,0
78,80,58,84,93,4,1
95,55,56,96,91,0,1
68,83,63,78,88,5,1
78,26,67,80,42,0,0
50,63,67,88,53,2,0
88,85,27,35,51,0,0
81,87,70,80,35,3,1
71,42,56,67,87,1,0
60,41,67,40,73,4,0
50,63,27,81,47,0,0
41,95,98,49,79,0,1
23,78,87,39,97,2,0
32,100,64,55,95,2,1
64,59,42,77,79,6,1
61,35,91,43,99,1,0
68,85,86,88,63,4,1
39,68,34,41,21,6,0
96,92,76,52,42,6,1
100,49,97,68,65,0,1
73,72,70,38,92,1,1
55,56,79,54,73,4,0
20,28,70,46,90,1,0
34,62,99,71,100,0,1
96,87,84,58,28,2,1
36,71,50,89,89,2,0
43,25,51,96,63,2,0
77,27,62,86,93,3,1
91,86,46,43,92,1,1
42,88,50,68,31,0,0
65,41,93,45,51,1,0
91,86,59,47,53,2,1
27,59,90,49,52,5,0
78,37,97,75,83,5,1
78,59,75,74,67,1,1
32,67,42,33,35,4,0
58,26,67,49,69,5,0
47,80,36,40,42,5,0
80,75,27,94,45,1,0
35,78,31,47,73,6,0
21,40,30,68,63,3,0
36,42,69,73,56,3,0
49,31,63,47,28,2,0
32,69,75,76,32,0,0
32,60,33,60,79,6,0
62,65,47,68,99,4,1
40,66,36,67,21,6,0
74,31,86,76,79,0,1
100,39,97,99,76,0,1
59,84,64,37,62,4,0
34,64,78,94,38,3,0
92,61,31,42,30,6,0
71,90,41,84,97,5,1
93,79,74,72,66,2,1
72,80,48,33,82,1,0
71,68,26,100,26,3,0
49,81,57,89,98,2,1
52,30,45,41,50,5,0
76,56,98,88,74,3,1
71,98,77,83,44,6,1
28,42,70,73,91,4,0
73,92,69,45,49,0,0
20,97,33,35,55,4,0
63,31,30,43,69,5,0
94,32,75,87,33,1,0
99,88,59,60,48,4,1
28,31,77,70,46,5,0
51,65,43,64,69,0,0
34,64,93,39,55,3,0
31,27,49,59,53,2,0
97,41,35,73,40,5,0
76,90,98,84,57,5,1
27,76,41,100,94,6,1
91,46,60,47,98,1,1
46,28,45,68,95,3,0
81,30,42,71,69,5,0
31,62,84,83,56,5,0
84,50,42,59,94,2,0
61,35,25,49,38,0,0
81,41,38,71,20,4,0
30,55,32,34,100,6,0
62,59,90,79,59,3,1
36,40,75,70,74,2,0
51,42,84,68,99,2,1
59,86,58,86,45,4,1
42,51,60,86,62,3,0
75,59,86,66,78,3,1
25,69,25,36,70,6,0
69,59,66,34,34,0,0
56,52,25,80,27,3,0
83,33,78,37,33,6,0
73,100,71,85,26,5,1
91,39,63,40,37,4,0
68,45,54,51,31,3,0
30,76,31,40,21,0,0
68,59,46,89,69,2,0
40,75,74,44,40,5,0
85,79,69,67,26,3,0
82,68,98,30,31,4,0
47,89,96,75,76,3,1
36,49,34,72,97,6,0
25,71,38,51,93,1,0
38,80,70,32,42,0,0
75,62,99,43,49,2,1
47,35,30,31,77,1,0
85,91,45,90,71,4,1
57,39,86,61,75,3,0
56,25,43,67,29,0,0
87,31,86,75,38,5,0
68,25,77,71,38,6,0
62,73,48,35,78,6,0
55,97,80,70,63,3,1
77,53,86,54,78,3,1
32,50,58,40,23,3,0
71,69,46,70,84,5,1
77,95,92,100,32,3,1
51,36,81,86,86,0,0
100,56,34,75,31,5,0
79,44,90,77,74,5,1
77,75,32,92,80,1,1
75,60,62,68,60,4,0
47,91,86,39,55,5,1
20,25,52,99,21,1,0
61,51,34,94,41,0,0
67,64,69,88,41,4,0
59,38,89,65,60,5,0
82,93,91,56,33,2,1
95,30,33,84,54,1,0
91,57,29,99,69,0,0
99,79,34,82,28,0,0
23,43,36,89,78,0,0
57,53,82,90,75,6,1
46,85,45,65,29,4,0
28,94,45,56,44,3,0
35,48,89,70,64,2,0
75,47,27,57,30,4,0
95,34,93,45,28,4,0
50,78,88,64,26,5,0
33,65,73,65,90,6,1
44,73,96,85,53,1,1
53,41,41,48,39,2,0
86,80,97,86,24,0,1
43,69,56,62,74,4,0
92,54,94,52,34,2,0
45,68,45,92,67,1,0
39,98,31,99,23,3,0
83,79,31,51,97,2,1
29,43,51,96,100,6,0
86,53,32,88,40,6,0
43,26,97,54,99,0,0
24,60,52,46,28,6,0
86,43,90,68,85,4,1
77,31,95,68,98,3,1
46,50,71,53,54,1,0
99,62,34,67,70,0,0
34,27,57,86,97,3,0
54,90,31,73,56,5,0
95,95,27,65,25,5,0
72,67,38,99,70,1,1
63,86,68,74,85,0,1
45,95,70,55,36,6,0
66,48,85,40,84,4,1
53,63,60,81,28,1,0
69,92,37,54,32,6,0
31,68,40,60,77,3,0
23,29,29,74,49,0,0
67,79,62,96,50,5,1
74,54,74,69,42,5,0
20,53,62,75,82,2,0
85,50,80,83,47,0,0
49,50,87,70,78,3,1
22,61,72,67,29,3,0
40,77,83,65,45,2,0
68,54,68,73,96,6,1
81,27,79,86,36,3,0
57,67,79,95,59,6,1
34,31,25,59,87,6,0
71,73,32,39,42,0,0
98,97,28,90,54,6,1
65,65,77,92,94,5,1
44,78,82,65,95,1,1
40,93,61,83,28,5,0
24,51,73,94,98,6,1
89,32,91,33,64,5,0
66,56,43,84,56,0,0
87,88,25,83,88,6,1
37,34,53,93,38,3,0
40,37,57,51,94,2,0
42,87,76,54,92,2,1
83,59,65,88,46,4,1
86,85,47,86,32,2,0
59,78,29,83,76,2,0
29,32,95,73,79,3,0
71,53,81,81,31,1,0
91,65,30,45,28,1,0
94,54,73,45,96,3,1
80,45,46,84,96,2,1
83,100,100,90,46,0,1
24,35,28,69,82,5,0
72,26,96,50,48,6,0
74,74,88,95,41,5,1
56,65,61,37,92,1,0
75,90,55,100,38,3,1
78,27,61,39,57,0,0
88,75,69,86,58,2,1
92,92,32,33,34,3,0
78,49,64,72,73,1,0
21,54,29,92,51,6,0
84,35,52,72,65,0,0
79,41,33,96,80,0,0
70,50,26,80,71,1,0
49,47,87,85,53,0,0
30,80,75,72,92,5,1
95,76,55,53,54,6,1
58,72,31,63,89,1,0
96,44,54,88,56,5,1
91,26,82,31,97,3,1
82,55,27,31,80,4,0
83,51,75,39,68,6,1
80,26,80,52,28,2,0
73,28,97,44,38,3,0
92,37,34,46,47,5,0
77,59,85,43,99,2,1
75,96,74,45,45,2,1
53,90,71,61,57,5,1
50,30,25,52,59,5,0
71,55,81,63,44,6,0
95,34,62,45,88,1,0
20,45,86,63,90,4,0
74,98,94,100,42,6,1
41,47,89,62,84,5,1
59,27,86,97,41,2,0
20,56,80,72,83,2,0
84,44,91,93,87,3,1
82,98,41,100,77,4,1
73,53,32,47,47,4,0
61,76,84,97,97,2,1
40,70,64,90,87,4,1
98,58,86,49,94,3,1
100,85,65,40,23,1,0
41,96,36,75,20,2,0
57,95,78,93,45,0,1
99,94,35,57,52,2,1
27,35,84,77,100,2,0
81,87,92,64,46,1,1
66,45,70,37,61,5,0
36,27,62,51,88,5,0
36,34,85,53,90,0,0
32,51,41,95,83,0,0
36,36,90,93,44,0,0
57,31,96,94,91,5,1
100,41,60,43,23,6,0
97,89,98,54,31,1,1
64,88,31,32,77,4,0
25,50,40,34,30,0,0
54,39,38,94,78,4,0
33,57,49,83,55,3,0
91,86,28,48,41,1,0
80,71,53,83,84,4,1
34,59,80,39,69,5,0
73,89,30,45,23,6,0
46,96,25,75,91,5,1
32,100,63,58,71,0,0
50,49,25,44,62,6,0
54,81,87,77,65,0,1
79,56,81,40,23,6,0
25,87,91,63,32,4,0
88,36,89,65,57,5,1
77,87,89,59,64,4,1
68,25,45,48,44,3,0
42,75,54,97,86,1,1
53,94,57,99,74,5,1
45,32,72,62,58,2,0
66,92,46,51,84,5,1
24,29,78,65,94,3,0
39,63,28,52,21,5,0
25,47,79,92,88,3,0
89,92,68,55,81,5,1
78,76,36,89,65,3,1
83,28,98,34,96,6,1
37,71,76,83,50,0,0
23,45,100,67,54,4,0
36,80,89,91,64,5,1
33,90,89,54,96,1,1
97,83,34,41,73,0,0
32,31,42,51,90,3,0
26,73,71,38,88,1,0
63,40,90,58,48,0,0
34,41,73,73,91,2,0
38,99,96,56,27,5,0
82,58,46,84,73,5,1
54,57,50,34,26,3,0
100,50,33,81,42,0,0
54,90,45,42,51,0,0
38,87,87,71,81,3,1
39,65,30,44,64,2,0
54,82,38,47,87,5,0
51,34,57,79,49,4,0
67,39,95,31,58,2,0
63,66,48,42,24,3,0
43,81,97,97,86,4,1
80,41,99,76,41,0,0
36,84,75,79,47,6,1
90,33,26,41,41,6,0
69,60,39,42,48,2,0
84,97,59,38,62,6,1
51,60,60,88,61,2,0
55,72,63,74,79,6,1
32,75,28,99,96,5,1
89,94,88,72,90,6,1
77,98,98,52,93,5,1
33,92,30,74,87,4,0
56,46,81,52,78,0,0
98,30,54,63,25,2,0
87,50,98,45,92,4,1
59,99,91,92,47,2,1
78,27,39,80,96,6,1
99,76,41,61,50,5,1
35,98,42,67,58,0,0
81,84,43,85,69,6,1
23,87,100,98,97,0,1
64,89,93,46,56,1,1
47,76,48,68,91,4,1
85,100,72,70,34,5,1
50,38,54,77,70,5,0
22,96,39,57,89,5,0
27,92,71,79,42,6,0
43,52,68,30,44,3,0
34,95,51,79,65,2,0
62,34,88,48,42,0,0
50,81,65,88,29,2,0
92,90,92,97,92,2,1
64,74,29,96,96,3,1
85,38,77,70,51,0,0
27,40,32,39,70,1,0
90,78,46,57,60,5,1
76,67,31,63,84,4,0
99,66,46,68,84,2,1
49,46,70,85,59,3,0
93,92,54,81,37,3,1
37,43,40,32,55,4,0
88,90,29,52,50,4,0
58,63,91,46,73,6,1
79,97,47,100,82,0,1
62,43,85,55,20,2,0
64,40,98,47,71,2,0
42,78,29,75,76,4,0
88,49,47,99,28,5,0
25,42,49,60,93,6,0
75,47,32,38,75,1,0
23,35,45,64,66,2,0
42,63,26,89,22,3,0
25,92,46,92,21,5,0
51,49,96,81,73,4,1
37,87,96,77,56,2,1
34,54,92,90,75,0,0
59,69,88,53,50,4,0
92,85,43,87,31,3,1
93,75,77,93,77,0,1
25,33,76,59,86,6,0
82,100,71,58,45,4,1
86,26,78,39,97,4,1
30,29,68,68,31,2,0
62,86,31,84,35,0,0
36,93,25,57,72,6,0
23,76,87,47,91,4,1
82,29,63,70,68,5,0
87,83,43,94,68,3,1
100,92,55,75,26,0,1
60,33,48,89,34,5,0
24,46,93,38,55,2,0
51,51,89,74,91,1,1
89,34,57,89,93,6,1
54,85,83,57,34,4,0
41,75,57,32,81,1,0
84,34,56,80,37,4,0
41,30,83,37,65,5,0
30,86,65,99,80,2,1
96,29,36,88,62,2,0
22,94,97,90,63,2,1
28,87,35,87,85,2,0
79,80,43,99,74,0,1
95,83,78,41,98,0,1
33,87,81,38,58,4,0
37,83,66,78,24,0,0
92,75,95,46,76,4,1
42,74,55,83,34,6,0
93,28,76,73,35,0,0
66,72,26,61,76,0,0
88,56,62,64,44,0,0
66,75,56,78,41,6,0
49,76,34,83,50,3,0
44,98,32,45,53,6,0
47,58,99,41,35,2,0
44,60,44,37,89,6,0
93,94,44,50,78,3,1
97,67,33,77,34,0,0
77,40,96,37,32,0,0
60,83,39,57,43,3,0
44,77,87,39,32,5,0
97,43,45,81,84,4,1
67,65,29,44,55,2,0
29,71,59,33,68,6,0
94,78,92,91,67,4,1
30,79,72,33,62,5,0
40,43,86,70,25,2,0
64,86,59,84,100,1,1
26,83,94,57,87,2,1
100,89,45,76,33,6,1
83,92,63,38,49,4,1
83,52,58,31,27,2,0
21,42,39,96,73,1,0
95,50,30,77,85,1,0
61,43,90,98,23,0,0
73,79,80,57,93,6,1
94,81,73,43,79,1,1
35,30,25,75,72,3,0
37,25,89,42,93,4,0
78,32,52,45,34,3,0
35,75,44,69,20,5,0
25,49,72,59,41,3,0
76,71,96,94,34,4,1
